condition,inherit_prob,replicate,baseline_replicate,map_id,map_hash,method,endpoint_type,actual_groups,retained_information,baseline_information,continuation_index,viability,mean_fitness_trajectory_json,final_population_hash,continuation_root_seed,continuation_stream_key
control,0.6,0,control_p0.6_r00,actual,actual,unintervened,actual,1024,0.28283843830272276,0.28283843830272276,0,27.13632812499999,"[27.084375, 26.48515625, 26.465625, 27.1484375, 26.5296875, 27.3859375, 27.221875, 26.67890625, 27.1546875, 27.2171875, 26.98203125, 27.309375, 27.3015625, 27.0671875, 27.28046875, 28.08828125, 26.93984375, 26.8921875, 26.96171875, 27.028125, 27.4015625, 26.71953125, 26.3578125, 26.66015625, 27.5109375, 27.78359375, 26.784375, 27.1609375, 28.0140625, 27.7875, 27.19765625, 27.25703125, 27.065625, 27.79609375, 27.20234375, 26.9859375]",5c6b7fcad76daad3f3a632cf7aed7e6a4f9c12cd2d2e5865f25a937a93ecd275,2026073104,control_p0.6_r00|0
control,0.6,0,control_p0.6_r00,m000_constant,9f1dcbc35c350d6027f98be0f5c8b43b42ca52b7604459c0c42be3aa88913d47,constant,constant,1,0.0,0.28283843830272276,0,27.13632812499999,"[27.084375, 26.48515625, 26.465625, 27.1484375, 26.5296875, 27.3859375, 27.221875, 26.67890625, 27.1546875, 27.2171875, 26.98203125, 27.309375, 27.3015625, 27.0671875, 27.28046875, 28.08828125, 26.93984375, 26.8921875, 26.96171875, 27.028125, 27.4015625, 26.71953125, 26.3578125, 26.66015625, 27.5109375, 27.78359375, 26.784375, 27.1609375, 28.0140625, 27.7875, 27.19765625, 27.25703125, 27.065625, 27.79609375, 27.20234375, 26.9859375]",5c6b7fcad76daad3f3a632cf7aed7e6a4f9c12cd2d2e5865f25a937a93ecd275,2026073104,control_p0.6_r00|0
control,0.6,0,control_p0.6_r00,m001_balanced_random_group,74484e9508b33b029e993a9e9ccafe4f01d96055374e557f6aa5a37d25bd9c9f,balanced_random_group,intermediate,2,0.0003121898661886167,0.28283843830272276,0,27.13632812499999,"[27.084375, 26.48515625, 26.465625, 27.1484375, 26.5296875, 27.3859375, 27.221875, 26.67890625, 27.1546875, 27.2171875, 26.98203125, 27.309375, 27.3015625, 27.0671875, 27.28046875, 28.08828125, 26.93984375, 26.8921875, 26.96171875, 27.028125, 27.4015625, 26.71953125, 26.3578125, 26.66015625, 27.5109375, 27.78359375, 26.784375, 27.1609375, 28.0140625, 27.7875, 27.19765625, 27.25703125, 27.065625, 27.79609375, 27.20234375, 26.9859375]",5c6b7fcad76daad3f3a632cf7aed7e6a4f9c12cd2d2e5865f25a937a93ecd275,2026073104,control_p0.6_r00|0
control,0.6,0,control_p0.6_r00,m002_balanced_random_group,e96a93c5fa6154fe18dcd30eb7bdbc3a6e3320a989da83ae67372a9adf58cbba,balanced_random_group,intermediate,4,0.000853202558804549,0.28283843830272276,0,27.13632812499999,"[27.084375, 26.48515625, 26.465625, 27.1484375, 26.5296875, 27.3859375, 27.221875, 26.67890625, 27.1546875, 27.2171875, 26.98203125, 27.309375, 27.3015625, 27.0671875, 27.28046875, 28.08828125, 26.93984375, 26.8921875, 26.96171875, 27.028125, 27.4015625, 26.71953125, 26.3578125, 26.66015625, 27.5109375, 27.78359375, 26.784375, 27.1609375, 28.0140625, 27.7875, 27.19765625, 27.25703125, 27.065625, 27.79609375, 27.20234375, 26.9859375]",5c6b7fcad76daad3f3a632cf7aed7e6a4f9c12cd2d2e5865f25a937a93ecd275,2026073104,control_p0.6_r00|0
control,0.6,0,control_p0.6_r00,m003_balanced_random_group,14f0105f9e20916e897f4df17fdec0d896085dd5f5320e129bc322820142f8a6,balanced_random_group,intermediate,8,0.001232498784226995,0.28283843830272276,0,27.13632812499999,"[27.084375, 26.48515625, 26.465625, 27.1484375, 26.5296875, 27.3859375, 27.221875, 26.67890625, 27.1546875, 27.2171875, 26.98203125, 27.309375, 27.3015625, 27.0671875, 27.28046875, 28.08828125, 26.93984375, 26.8921875, 26.96171875, 27.028125, 27.4015625, 26.71953125, 26.3578125, 26.66015625, 27.5109375, 27.78359375, 26.784375, 27.1609375, 28.0140625, 27.7875, 27.19765625, 27.25703125, 27.065625, 27.79609375, 27.20234375, 26.9859375]",5c6b7fcad76daad3f3a632cf7aed7e6a4f9c12cd2d2e5865f25a937a93ecd275,2026073104,control_p0.6_r00|0
control,0.6,0,control_p0.6_r00,m004_balanced_random_group,bb2ba2d5c103ddf6a98d341d94ebe51e88d622a6cb807898cdf9fd63b491a80f,balanced_random_group,intermediate,16,0.003431256553023867,0.28283843830272276,0,27.13632812499999,"[27.084375, 26.48515625, 26.465625, 27.1484375, 26.5296875, 27.3859375, 27.221875, 26.67890625, 27.1546875, 27.2171875, 26.98203125, 27.309375, 27.3015625, 27.0671875, 27.28046875, 28.08828125, 26.93984375, 26.8921875, 26.96171875, 27.028125, 27.4015625, 26.71953125, 26.3578125, 26.66015625, 27.5109375, 27.78359375, 26.784375, 27.1609375, 28.0140625, 27.7875, 27.19765625, 27.25703125, 27.065625, 27.79609375, 27.20234375, 26.9859375]",5c6b7fcad76daad3f3a632cf7aed7e6a4f9c12cd2d2e5865f25a937a93ecd275,2026073104,control_p0.6_r00|0
control,0.6,0,control_p0.6_r00,m005_balanced_random_group,c65bd191d1da1176a8030b84146455e1d1f9bf63bb8d4993a72ab07906c80b78,balanced_random_group,intermediate,32,0.008310087340619957,0.28283843830272276,0,27.13632812499999,"[27.084375, 26.48515625, 26.465625, 27.1484375, 26.5296875, 27.3859375, 27.221875, 26.67890625, 27.1546875, 27.2171875, 26.98203125, 27.309375, 27.3015625, 27.0671875, 27.28046875, 28.08828125, 26.93984375, 26.8921875, 26.96171875, 27.028125, 27.4015625, 26.71953125, 26.3578125, 26.66015625, 27.5109375, 27.78359375, 26.784375, 27.1609375, 28.0140625, 27.7875, 27.19765625, 27.25703125, 27.065625, 27.79609375, 27.20234375, 26.9859375]",5c6b7fcad76daad3f3a632cf7aed7e6a4f9c12cd2d2e5865f25a937a93ecd275,2026073104,control_p0.6_r00|0
control,0.6,0,control_p0.6_r00,m006_balanced_random_group,54146794238237c8e13f9205ac93004ce5acfdbc51f3cd9b991ee15e2a36f684,balanced_random_group,intermediate,64,0.013848620788730077,0.28283843830272276,0,27.13632812499999,"[27.084375, 26.48515625, 26.465625, 27.1484375, 26.5296875, 27.3859375, 27.221875, 26.67890625, 27.1546875, 27.2171875, 26.98203125, 27.309375, 27.3015625, 27.0671875, 27.28046875, 28.08828125, 26.93984375, 26.8921875, 26.96171875, 27.028125, 27.4015625, 26.71953125, 26.3578125, 26.66015625, 27.5109375, 27.78359375, 26.784375, 27.1609375, 28.0140625, 27.7875, 27.19765625, 27.25703125, 27.065625, 27.79609375, 27.20234375, 26.9859375]",5c6b7fcad76daad3f3a632cf7aed7e6a4f9c12cd2d2e5865f25a937a93ecd275,2026073104,control_p0.6_r00|0
control,0.6,0,control_p0.6_r00,m007_balanced_random_group,e179435da112ea8d971ae26891de689741e68338ddf13a7241197cfbaded0b83,balanced_random_group,intermediate,128,0.0327092153409171,0.28283843830272276,0,27.13632812499999,"[27.084375, 26.48515625, 26.465625, 27.1484375, 26.5296875, 27.3859375, 27.221875, 26.67890625, 27.1546875, 27.2171875, 26.98203125, 27.309375, 27.3015625, 27.0671875, 27.28046875, 28.08828125, 26.93984375, 26.8921875, 26.96171875, 27.028125, 27.4015625, 26.71953125, 26.3578125, 26.66015625, 27.5109375, 27.78359375, 26.784375, 27.1609375, 28.0140625, 27.7875, 27.19765625, 27.25703125, 27.065625, 27.79609375, 27.20234375, 26.9859375]",5c6b7fcad76daad3f3a632cf7aed7e6a4f9c12cd2d2e5865f25a937a93ecd275,2026073104,control_p0.6_r00|0
control,0.6,0,control_p0.6_r00,m008_balanced_random_group,e471d7c08820922fc6c21006a6b4685c49e9368d31cd4fbe021c3167456046e0,balanced_random_group,intermediate,256,0.06892391736620006,0.28283843830272276,0,27.13632812499999,"[27.084375, 26.48515625, 26.465625, 27.1484375, 26.5296875, 27.3859375, 27.221875, 26.67890625, 27.1546875, 27.2171875, 26.98203125, 27.309375, 27.3015625, 27.0671875, 27.28046875, 28.08828125, 26.93984375, 26.8921875, 26.96171875, 27.028125, 27.4015625, 26.71953125, 26.3578125, 26.66015625, 27.5109375, 27.78359375, 26.784375, 27.1609375, 28.0140625, 27.7875, 27.19765625, 27.25703125, 27.065625, 27.79609375, 27.20234375, 26.9859375]",5c6b7fcad76daad3f3a632cf7aed7e6a4f9c12cd2d2e5865f25a937a93ecd275,2026073104,control_p0.6_r00|0
control,0.6,0,control_p0.6_r00,m009_balanced_random_group,3394d1cdf22e9723777f99c632a137ebcd7b9bff50e9406fa9f5a34da26ac720,balanced_random_group,intermediate,512,0.14248377082274566,0.28283843830272276,0,27.13632812499999,"[27.084375, 26.48515625, 26.465625, 27.1484375, 26.5296875, 27.3859375, 27.221875, 26.67890625, 27.1546875, 27.2171875, 26.98203125, 27.309375, 27.3015625, 27.0671875, 27.28046875, 28.08828125, 26.93984375, 26.8921875, 26.96171875, 27.028125, 27.4015625, 26.71953125, 26.3578125, 26.66015625, 27.5109375, 27.78359375, 26.784375, 27.1609375, 28.0140625, 27.7875, 27.19765625, 27.25703125, 27.065625, 27.79609375, 27.20234375, 26.9859375]",5c6b7fcad76daad3f3a632cf7aed7e6a4f9c12cd2d2e5865f25a937a93ecd275,2026073104,control_p0.6_r00|0
control,0.6,0,control_p0.6_r00,m010_affinity_rank_group,3f53151fb2f814971fd6c0128c5c0b7afe1b5cb5257e46a1db18b8ebc9946d94,affinity_rank_group,intermediate,2,8.148995581513732e-05,0.28283843830272276,0,27.13632812499999,"[27.084375, 26.48515625, 26.465625, 27.1484375, 26.5296875, 27.3859375, 27.221875, 26.67890625, 27.1546875, 27.2171875, 26.98203125, 27.309375, 27.3015625, 27.0671875, 27.28046875, 28.08828125, 26.93984375, 26.8921875, 26.96171875, 27.028125, 27.4015625, 26.71953125, 26.3578125, 26.66015625, 27.5109375, 27.78359375, 26.784375, 27.1609375, 28.0140625, 27.7875, 27.19765625, 27.25703125, 27.065625, 27.79609375, 27.20234375, 26.9859375]",5c6b7fcad76daad3f3a632cf7aed7e6a4f9c12cd2d2e5865f25a937a93ecd275,2026073104,control_p0.6_r00|0
control,0.6,0,control_p0.6_r00,m011_affinity_rank_group,92e56b0f11cdce879476507882d715f1eecc12de134fc3982530e28ffd4eba29,affinity_rank_group,intermediate,4,0.0007602298197400672,0.28283843830272276,0,27.13632812499999,"[27.084375, 26.48515625, 26.465625, 27.1484375, 26.5296875, 27.3859375, 27.221875, 26.67890625, 27.1546875, 27.2171875, 26.98203125, 27.309375, 27.3015625, 27.0671875, 27.28046875, 28.08828125, 26.93984375, 26.8921875, 26.96171875, 27.028125, 27.4015625, 26.71953125, 26.3578125, 26.66015625, 27.5109375, 27.78359375, 26.784375, 27.1609375, 28.0140625, 27.7875, 27.19765625, 27.25703125, 27.065625, 27.79609375, 27.20234375, 26.9859375]",5c6b7fcad76daad3f3a632cf7aed7e6a4f9c12cd2d2e5865f25a937a93ecd275,2026073104,control_p0.6_r00|0
control,0.6,0,control_p0.6_r00,m012_affinity_rank_group,0a19adabdd017fc722384804e89caf4ecf35837689486f63c24094087da5c2ba,affinity_rank_group,intermediate,8,0.00177441244580141,0.28283843830272276,0,27.13632812499999,"[27.084375, 26.48515625, 26.465625, 27.1484375, 26.5296875, 27.3859375, 27.221875, 26.67890625, 27.1546875, 27.2171875, 26.98203125, 27.309375, 27.3015625, 27.0671875, 27.28046875, 28.08828125, 26.93984375, 26.8921875, 26.96171875, 27.028125, 27.4015625, 26.71953125, 26.3578125, 26.66015625, 27.5109375, 27.78359375, 26.784375, 27.1609375, 28.0140625, 27.7875, 27.19765625, 27.25703125, 27.065625, 27.79609375, 27.20234375, 26.9859375]",5c6b7fcad76daad3f3a632cf7aed7e6a4f9c12cd2d2e5865f25a937a93ecd275,2026073104,control_p0.6_r00|0
control,0.6,0,control_p0.6_r00,m013_affinity_rank_group,d176c8d0ee881709b5af7061b49578d8041bef9dde73ceb9e47e4dd86f7ee987,affinity_rank_group,intermediate,16,0.003834645984333715,0.28283843830272276,0,27.13632812499999,"[27.084375, 26.48515625, 26.465625, 27.1484375, 26.5296875, 27.3859375, 27.221875, 26.67890625, 27.1546875, 27.2171875, 26.98203125, 27.309375, 27.3015625, 27.0671875, 27.28046875, 28.08828125, 26.93984375, 26.8921875, 26.96171875, 27.028125, 27.4015625, 26.71953125, 26.3578125, 26.66015625, 27.5109375, 27.78359375, 26.784375, 27.1609375, 28.0140625, 27.7875, 27.19765625, 27.25703125, 27.065625, 27.79609375, 27.20234375, 26.9859375]",5c6b7fcad76daad3f3a632cf7aed7e6a4f9c12cd2d2e5865f25a937a93ecd275,2026073104,control_p0.6_r00|0
control,0.6,0,control_p0.6_r00,m014_affinity_rank_group,a08bb91ec0e66d0b3afe5332032fd3fb6769016bc04c2710b5e01a8e599df454,affinity_rank_group,intermediate,32,0.008525730890924583,0.28283843830272276,0,27.13632812499999,"[27.084375, 26.48515625, 26.465625, 27.1484375, 26.5296875, 27.3859375, 27.221875, 26.67890625, 27.1546875, 27.2171875, 26.98203125, 27.309375, 27.3015625, 27.0671875, 27.28046875, 28.08828125, 26.93984375, 26.8921875, 26.96171875, 27.028125, 27.4015625, 26.71953125, 26.3578125, 26.66015625, 27.5109375, 27.78359375, 26.784375, 27.1609375, 28.0140625, 27.7875, 27.19765625, 27.25703125, 27.065625, 27.79609375, 27.20234375, 26.9859375]",5c6b7fcad76daad3f3a632cf7aed7e6a4f9c12cd2d2e5865f25a937a93ecd275,2026073104,control_p0.6_r00|0
control,0.6,0,control_p0.6_r00,m015_affinity_rank_group,6ac4e014d135d7a7fbd4592fdf320f48570dc4bce5e1a5c2ca6054715b80f98a,affinity_rank_group,intermediate,64,0.01616084505490332,0.28283843830272276,0,27.13632812499999,"[27.084375, 26.48515625, 26.465625, 27.1484375, 26.5296875, 27.3859375, 27.221875, 26.67890625, 27.1546875, 27.2171875, 26.98203125, 27.309375, 27.3015625, 27.0671875, 27.28046875, 28.08828125, 26.93984375, 26.8921875, 26.96171875, 27.028125, 27.4015625, 26.71953125, 26.3578125, 26.66015625, 27.5109375, 27.78359375, 26.784375, 27.1609375, 28.0140625, 27.7875, 27.19765625, 27.25703125, 27.065625, 27.79609375, 27.20234375, 26.9859375]",5c6b7fcad76daad3f3a632cf7aed7e6a4f9c12cd2d2e5865f25a937a93ecd275,2026073104,control_p0.6_r00|0
control,0.6,0,control_p0.6_r00,m016_affinity_rank_group,4c0d0a036a5c51abb14f88b143c35a9a2e7cecb590d4d0752b078fe3b59a18dd,affinity_rank_group,intermediate,128,0.03231962091908071,0.28283843830272276,0,27.13632812499999,"[27.084375, 26.48515625, 26.465625, 27.1484375, 26.5296875, 27.3859375, 27.221875, 26.67890625, 27.1546875, 27.2171875, 26.98203125, 27.309375, 27.3015625, 27.0671875, 27.28046875, 28.08828125, 26.93984375, 26.8921875, 26.96171875, 27.028125, 27.4015625, 26.71953125, 26.3578125, 26.66015625, 27.5109375, 27.78359375, 26.784375, 27.1609375, 28.0140625, 27.7875, 27.19765625, 27.25703125, 27.065625, 27.79609375, 27.20234375, 26.9859375]",5c6b7fcad76daad3f3a632cf7aed7e6a4f9c12cd2d2e5865f25a937a93ecd275,2026073104,control_p0.6_r00|0
control,0.6,0,control_p0.6_r00,m017_affinity_rank_group,cf78b05538711825e0795152b13c3d2c15b5cd16f89c1995f7b006d8bc57c6a2,affinity_rank_group,intermediate,256,0.06614507949452672,0.28283843830272276,0,27.13632812499999,"[27.084375, 26.48515625, 26.465625, 27.1484375, 26.5296875, 27.3859375, 27.221875, 26.67890625, 27.1546875, 27.2171875, 26.98203125, 27.309375, 27.3015625, 27.0671875, 27.28046875, 28.08828125, 26.93984375, 26.8921875, 26.96171875, 27.028125, 27.4015625, 26.71953125, 26.3578125, 26.66015625, 27.5109375, 27.78359375, 26.784375, 27.1609375, 28.0140625, 27.7875, 27.19765625, 27.25703125, 27.065625, 27.79609375, 27.20234375, 26.9859375]",5c6b7fcad76daad3f3a632cf7aed7e6a4f9c12cd2d2e5865f25a937a93ecd275,2026073104,control_p0.6_r00|0
control,0.6,0,control_p0.6_r00,m018_affinity_rank_group,24a6acb87a7364b0b1cbbe6fecc84df53e5243c78a06a6c6c4e7354b3e359435,affinity_rank_group,intermediate,512,0.1426781606338058,0.28283843830272276,0,27.13632812499999,"[27.084375, 26.48515625, 26.465625, 27.1484375, 26.5296875, 27.3859375, 27.221875, 26.67890625, 27.1546875, 27.2171875, 26.98203125, 27.309375, 27.3015625, 27.0671875, 27.28046875, 28.08828125, 26.93984375, 26.8921875, 26.96171875, 27.028125, 27.4015625, 26.71953125, 26.3578125, 26.66015625, 27.5109375, 27.78359375, 26.784375, 27.1609375, 28.0140625, 27.7875, 27.19765625, 27.25703125, 27.065625, 27.79609375, 27.20234375, 26.9859375]",5c6b7fcad76daad3f3a632cf7aed7e6a4f9c12cd2d2e5865f25a937a93ecd275,2026073104,control_p0.6_r00|0
control,0.6,0,control_p0.6_r00,m019_contiguous_substring,16cfd655e57fba08a658c1d50e1fe5976b2f905eee09ec260833cfb2b49d6f38,contiguous_substring,intermediate,4,0.000542531945870897,0.28283843830272276,0,27.13632812499999,"[27.084375, 26.48515625, 26.465625, 27.1484375, 26.5296875, 27.3859375, 27.221875, 26.67890625, 27.1546875, 27.2171875, 26.98203125, 27.309375, 27.3015625, 27.0671875, 27.28046875, 28.08828125, 26.93984375, 26.8921875, 26.96171875, 27.028125, 27.4015625, 26.71953125, 26.3578125, 26.66015625, 27.5109375, 27.78359375, 26.784375, 27.1609375, 28.0140625, 27.7875, 27.19765625, 27.25703125, 27.065625, 27.79609375, 27.20234375, 26.9859375]",5c6b7fcad76daad3f3a632cf7aed7e6a4f9c12cd2d2e5865f25a937a93ecd275,2026073104,control_p0.6_r00|0
control,0.6,0,control_p0.6_r00,m020_contiguous_substring,6fb076d21f3b26febc2e6a328628b3ea581ce0709de4263bbe675d61bdb74942,contiguous_substring,intermediate,4,0.0003066231359256984,0.28283843830272276,0,27.13632812499999,"[27.084375, 26.48515625, 26.465625, 27.1484375, 26.5296875, 27.3859375, 27.221875, 26.67890625, 27.1546875, 27.2171875, 26.98203125, 27.309375, 27.3015625, 27.0671875, 27.28046875, 28.08828125, 26.93984375, 26.8921875, 26.96171875, 27.028125, 27.4015625, 26.71953125, 26.3578125, 26.66015625, 27.5109375, 27.78359375, 26.784375, 27.1609375, 28.0140625, 27.7875, 27.19765625, 27.25703125, 27.065625, 27.79609375, 27.20234375, 26.9859375]",5c6b7fcad76daad3f3a632cf7aed7e6a4f9c12cd2d2e5865f25a937a93ecd275,2026073104,control_p0.6_r00|0
control,0.6,0,control_p0.6_r00,m021_contiguous_substring,3ac98b3bd2edbbfc3b4339ca0066047ccba8e1cfa0ce798acbd27bab5b87d8af,contiguous_substring,intermediate,4,0.0007971244557617226,0.28283843830272276,0,27.13632812499999,"[27.084375, 26.48515625, 26.465625, 27.1484375, 26.5296875, 27.3859375, 27.221875, 26.67890625, 27.1546875, 27.2171875, 26.98203125, 27.309375, 27.3015625, 27.0671875, 27.28046875, 28.08828125, 26.93984375, 26.8921875, 26.96171875, 27.028125, 27.4015625, 26.71953125, 26.3578125, 26.66015625, 27.5109375, 27.78359375, 26.784375, 27.1609375, 28.0140625, 27.7875, 27.19765625, 27.25703125, 27.065625, 27.79609375, 27.20234375, 26.9859375]",5c6b7fcad76daad3f3a632cf7aed7e6a4f9c12cd2d2e5865f25a937a93ecd275,2026073104,control_p0.6_r00|0
control,0.6,0,control_p0.6_r00,m022_contiguous_substring,fc015e86e4e7f2c734c05fb1135856a6186a7b6e6f3079acc6d6c6e4aa7442e4,contiguous_substring,intermediate,4,0.0008003117769828389,0.28283843830272276,0,27.13632812499999,"[27.084375, 26.48515625, 26.465625, 27.1484375, 26.5296875, 27.3859375, 27.221875, 26.67890625, 27.1546875, 27.2171875, 26.98203125, 27.309375, 27.3015625, 27.0671875, 27.28046875, 28.08828125, 26.93984375, 26.8921875, 26.96171875, 27.028125, 27.4015625, 26.71953125, 26.3578125, 26.66015625, 27.5109375, 27.78359375, 26.784375, 27.1609375, 28.0140625, 27.7875, 27.19765625, 27.25703125, 27.065625, 27.79609375, 27.20234375, 26.9859375]",5c6b7fcad76daad3f3a632cf7aed7e6a4f9c12cd2d2e5865f25a937a93ecd275,2026073104,control_p0.6_r00|0
control,0.6,0,control_p0.6_r00,m023_contiguous_substring,6d8bb74bcdeefe62988bcebfe3cdb7110ea14648c3393721f4a4095032ddf61b,contiguous_substring,intermediate,4,0.0008659452803426333,0.28283843830272276,0,27.13632812499999,"[27.084375, 26.48515625, 26.465625, 27.1484375, 26.5296875, 27.3859375, 27.221875, 26.67890625, 27.1546875, 27.2171875, 26.98203125, 27.309375, 27.3015625, 27.0671875, 27.28046875, 28.08828125, 26.93984375, 26.8921875, 26.96171875, 27.028125, 27.4015625, 26.71953125, 26.3578125, 26.66015625, 27.5109375, 27.78359375, 26.784375, 27.1609375, 28.0140625, 27.7875, 27.19765625, 27.25703125, 27.065625, 27.79609375, 27.20234375, 26.9859375]",5c6b7fcad76daad3f3a632cf7aed7e6a4f9c12cd2d2e5865f25a937a93ecd275,2026073104,control_p0.6_r00|0
control,0.6,0,control_p0.6_r00,m024_contiguous_substring,94ab69bff5420fbcf4c18d7a247ef0e4b9577d1295271abf78a62f51c3b59a0f,contiguous_substring,intermediate,16,0.0029345253469190446,0.28283843830272276,0,27.13632812499999,"[27.084375, 26.48515625, 26.465625, 27.1484375, 26.5296875, 27.3859375, 27.221875, 26.67890625, 27.1546875, 27.2171875, 26.98203125, 27.309375, 27.3015625, 27.0671875, 27.28046875, 28.08828125, 26.93984375, 26.8921875, 26.96171875, 27.028125, 27.4015625, 26.71953125, 26.3578125, 26.66015625, 27.5109375, 27.78359375, 26.784375, 27.1609375, 28.0140625, 27.7875, 27.19765625, 27.25703125, 27.065625, 27.79609375, 27.20234375, 26.9859375]",5c6b7fcad76daad3f3a632cf7aed7e6a4f9c12cd2d2e5865f25a937a93ecd275,2026073104,control_p0.6_r00|0
control,0.6,0,control_p0.6_r00,m025_contiguous_substring,ae330f3e6dd51f734f790820a896827f916e8d775c69ea1f205c55aa81507fe0,contiguous_substring,intermediate,16,0.0031472918474723865,0.28283843830272276,0,27.13632812499999,"[27.084375, 26.48515625, 26.465625, 27.1484375, 26.5296875, 27.3859375, 27.221875, 26.67890625, 27.1546875, 27.2171875, 26.98203125, 27.309375, 27.3015625, 27.0671875, 27.28046875, 28.08828125, 26.93984375, 26.8921875, 26.96171875, 27.028125, 27.4015625, 26.71953125, 26.3578125, 26.66015625, 27.5109375, 27.78359375, 26.784375, 27.1609375, 28.0140625, 27.7875, 27.19765625, 27.25703125, 27.065625, 27.79609375, 27.20234375, 26.9859375]",5c6b7fcad76daad3f3a632cf7aed7e6a4f9c12cd2d2e5865f25a937a93ecd275,2026073104,control_p0.6_r00|0
control,0.6,0,control_p0.6_r00,m026_contiguous_substring,5d3c5ea59a3a81c2ffdcfc7029fe0ab078b39be0217f1ee2611101845014273b,contiguous_substring,intermediate,16,0.0036713261112645496,0.28283843830272276,0,27.13632812499999,"[27.084375, 26.48515625, 26.465625, 27.1484375, 26.5296875, 27.3859375, 27.221875, 26.67890625, 27.1546875, 27.2171875, 26.98203125, 27.309375, 27.3015625, 27.0671875, 27.28046875, 28.08828125, 26.93984375, 26.8921875, 26.96171875, 27.028125, 27.4015625, 26.71953125, 26.3578125, 26.66015625, 27.5109375, 27.78359375, 26.784375, 27.1609375, 28.0140625, 27.7875, 27.19765625, 27.25703125, 27.065625, 27.79609375, 27.20234375, 26.9859375]",5c6b7fcad76daad3f3a632cf7aed7e6a4f9c12cd2d2e5865f25a937a93ecd275,2026073104,control_p0.6_r00|0
control,0.6,0,control_p0.6_r00,m027_contiguous_substring,6edfbfdb62fbf79744d4ecfb6fe43de95b2133d87a10f24061ecc84297b1c267,contiguous_substring,intermediate,16,0.004193515970327676,0.28283843830272276,0,27.13632812499999,"[27.084375, 26.48515625, 26.465625, 27.1484375, 26.5296875, 27.3859375, 27.221875, 26.67890625, 27.1546875, 27.2171875, 26.98203125, 27.309375, 27.3015625, 27.0671875, 27.28046875, 28.08828125, 26.93984375, 26.8921875, 26.96171875, 27.028125, 27.4015625, 26.71953125, 26.3578125, 26.66015625, 27.5109375, 27.78359375, 26.784375, 27.1609375, 28.0140625, 27.7875, 27.19765625, 27.25703125, 27.065625, 27.79609375, 27.20234375, 26.9859375]",5c6b7fcad76daad3f3a632cf7aed7e6a4f9c12cd2d2e5865f25a937a93ecd275,2026073104,control_p0.6_r00|0
control,0.6,0,control_p0.6_r00,m028_contiguous_substring,6f9a04216ce84ed3a2ef19a2010723c498d866f2bb5d6eda67ea1bd16782bfd8,contiguous_substring,intermediate,64,0.015943289374548086,0.28283843830272276,0,27.13632812499999,"[27.084375, 26.48515625, 26.465625, 27.1484375, 26.5296875, 27.3859375, 27.221875, 26.67890625, 27.1546875, 27.2171875, 26.98203125, 27.309375, 27.3015625, 27.0671875, 27.28046875, 28.08828125, 26.93984375, 26.8921875, 26.96171875, 27.028125, 27.4015625, 26.71953125, 26.3578125, 26.66015625, 27.5109375, 27.78359375, 26.784375, 27.1609375, 28.0140625, 27.7875, 27.19765625, 27.25703125, 27.065625, 27.79609375, 27.20234375, 26.9859375]",5c6b7fcad76daad3f3a632cf7aed7e6a4f9c12cd2d2e5865f25a937a93ecd275,2026073104,control_p0.6_r00|0
control,0.6,0,control_p0.6_r00,m029_contiguous_substring,8d4ddfbfac0226f6a695d6b22ee21fbf533251852e95baca71b09f7710bfb22c,contiguous_substring,intermediate,64,0.015758279962518815,0.28283843830272276,0,27.13632812499999,"[27.084375, 26.48515625, 26.465625, 27.1484375, 26.5296875, 27.3859375, 27.221875, 26.67890625, 27.1546875, 27.2171875, 26.98203125, 27.309375, 27.3015625, 27.0671875, 27.28046875, 28.08828125, 26.93984375, 26.8921875, 26.96171875, 27.028125, 27.4015625, 26.71953125, 26.3578125, 26.66015625, 27.5109375, 27.78359375, 26.784375, 27.1609375, 28.0140625, 27.7875, 27.19765625, 27.25703125, 27.065625, 27.79609375, 27.20234375, 26.9859375]",5c6b7fcad76daad3f3a632cf7aed7e6a4f9c12cd2d2e5865f25a937a93ecd275,2026073104,control_p0.6_r00|0
control,0.6,0,control_p0.6_r00,m030_contiguous_substring,6ff19e1927dcafbb441ab0b4a0a61b92d1295d402f3277307a3f5b9d7850b98a,contiguous_substring,intermediate,64,0.01600705311816694,0.28283843830272276,0,27.13632812499999,"[27.084375, 26.48515625, 26.465625, 27.1484375, 26.5296875, 27.3859375, 27.221875, 26.67890625, 27.1546875, 27.2171875, 26.98203125, 27.309375, 27.3015625, 27.0671875, 27.28046875, 28.08828125, 26.93984375, 26.8921875, 26.96171875, 27.028125, 27.4015625, 26.71953125, 26.3578125, 26.66015625, 27.5109375, 27.78359375, 26.784375, 27.1609375, 28.0140625, 27.7875, 27.19765625, 27.25703125, 27.065625, 27.79609375, 27.20234375, 26.9859375]",5c6b7fcad76daad3f3a632cf7aed7e6a4f9c12cd2d2e5865f25a937a93ecd275,2026073104,control_p0.6_r00|0
control,0.6,0,control_p0.6_r00,m031_contiguous_substring,c824c782df91faee7515c9d811fab43ed5426465074d2e812a5277507d28ae96,contiguous_substring,intermediate,256,0.06648955333060586,0.28283843830272276,0,27.13632812499999,"[27.084375, 26.48515625, 26.465625, 27.1484375, 26.5296875, 27.3859375, 27.221875, 26.67890625, 27.1546875, 27.2171875, 26.98203125, 27.309375, 27.3015625, 27.0671875, 27.28046875, 28.08828125, 26.93984375, 26.8921875, 26.96171875, 27.028125, 27.4015625, 26.71953125, 26.3578125, 26.66015625, 27.5109375, 27.78359375, 26.784375, 27.1609375, 28.0140625, 27.7875, 27.19765625, 27.25703125, 27.065625, 27.79609375, 27.20234375, 26.9859375]",5c6b7fcad76daad3f3a632cf7aed7e6a4f9c12cd2d2e5865f25a937a93ecd275,2026073104,control_p0.6_r00|0
control,0.6,0,control_p0.6_r00,m032_contiguous_substring,ef835eb9c371f618c6958654a7d25a1df1d12c09a53ecf66f9209fb882a8542d,contiguous_substring,intermediate,256,0.06756719451986724,0.28283843830272276,0,27.13632812499999,"[27.084375, 26.48515625, 26.465625, 27.1484375, 26.5296875, 27.3859375, 27.221875, 26.67890625, 27.1546875, 27.2171875, 26.98203125, 27.309375, 27.3015625, 27.0671875, 27.28046875, 28.08828125, 26.93984375, 26.8921875, 26.96171875, 27.028125, 27.4015625, 26.71953125, 26.3578125, 26.66015625, 27.5109375, 27.78359375, 26.784375, 27.1609375, 28.0140625, 27.7875, 27.19765625, 27.25703125, 27.065625, 27.79609375, 27.20234375, 26.9859375]",5c6b7fcad76daad3f3a632cf7aed7e6a4f9c12cd2d2e5865f25a937a93ecd275,2026073104,control_p0.6_r00|0
control,0.6,0,control_p0.6_r00,m033_identity,2f88e9ce00d238e7e011a7b140b413dcad818f1da41a721f914f1af604d0e217,identity,identity,1024,0.28283843830272276,0.28283843830272276,0,27.13632812499999,"[27.084375, 26.48515625, 26.465625, 27.1484375, 26.5296875, 27.3859375, 27.221875, 26.67890625, 27.1546875, 27.2171875, 26.98203125, 27.309375, 27.3015625, 27.0671875, 27.28046875, 28.08828125, 26.93984375, 26.8921875, 26.96171875, 27.028125, 27.4015625, 26.71953125, 26.3578125, 26.66015625, 27.5109375, 27.78359375, 26.784375, 27.1609375, 28.0140625, 27.7875, 27.19765625, 27.25703125, 27.065625, 27.79609375, 27.20234375, 26.9859375]",5c6b7fcad76daad3f3a632cf7aed7e6a4f9c12cd2d2e5865f25a937a93ecd275,2026073104,control_p0.6_r00|0
control,0.6,0,control_p0.6_r00,actual,actual,unintervened,actual,1024,0.28283843830272276,0.28283843830272276,1,27.08070746527778,"[26.940625, 26.63359375, 26.63203125, 26.5140625, 27.75234375, 27.3859375, 26.9671875, 27.875, 27.246875, 27.19609375, 27.04140625, 27.5, 26.85, 27.0171875, 26.51484375, 26.90234375, 27.909375, 26.27734375, 27.19765625, 26.69765625, 26.9453125, 27.13515625, 27.34140625, 26.7140625, 26.559375, 27.2140625, 26.13046875, 27.94921875, 27.43125, 27.39375, 27.8390625, 27.03515625, 27.1359375, 26.67421875, 27.54765625, 26.8078125]",7aa750f70944196c7b2cfb0a5a496cddf074ca7f8eb0710f465c7b7d02ed7efa,2026073104,control_p0.6_r00|1
control,0.6,0,control_p0.6_r00,m000_constant,9f1dcbc35c350d6027f98be0f5c8b43b42ca52b7604459c0c42be3aa88913d47,constant,constant,1,0.0,0.28283843830272276,1,27.08070746527778,"[26.940625, 26.63359375, 26.63203125, 26.5140625, 27.75234375, 27.3859375, 26.9671875, 27.875, 27.246875, 27.19609375, 27.04140625, 27.5, 26.85, 27.0171875, 26.51484375, 26.90234375, 27.909375, 26.27734375, 27.19765625, 26.69765625, 26.9453125, 27.13515625, 27.34140625, 26.7140625, 26.559375, 27.2140625, 26.13046875, 27.94921875, 27.43125, 27.39375, 27.8390625, 27.03515625, 27.1359375, 26.67421875, 27.54765625, 26.8078125]",7aa750f70944196c7b2cfb0a5a496cddf074ca7f8eb0710f465c7b7d02ed7efa,2026073104,control_p0.6_r00|1
control,0.6,0,control_p0.6_r00,m001_balanced_random_group,74484e9508b33b029e993a9e9ccafe4f01d96055374e557f6aa5a37d25bd9c9f,balanced_random_group,intermediate,2,0.0003121898661886167,0.28283843830272276,1,27.08070746527778,"[26.940625, 26.63359375, 26.63203125, 26.5140625, 27.75234375, 27.3859375, 26.9671875, 27.875, 27.246875, 27.19609375, 27.04140625, 27.5, 26.85, 27.0171875, 26.51484375, 26.90234375, 27.909375, 26.27734375, 27.19765625, 26.69765625, 26.9453125, 27.13515625, 27.34140625, 26.7140625, 26.559375, 27.2140625, 26.13046875, 27.94921875, 27.43125, 27.39375, 27.8390625, 27.03515625, 27.1359375, 26.67421875, 27.54765625, 26.8078125]",7aa750f70944196c7b2cfb0a5a496cddf074ca7f8eb0710f465c7b7d02ed7efa,2026073104,control_p0.6_r00|1
control,0.6,0,control_p0.6_r00,m002_balanced_random_group,e96a93c5fa6154fe18dcd30eb7bdbc3a6e3320a989da83ae67372a9adf58cbba,balanced_random_group,intermediate,4,0.000853202558804549,0.28283843830272276,1,27.08070746527778,"[26.940625, 26.63359375, 26.63203125, 26.5140625, 27.75234375, 27.3859375, 26.9671875, 27.875, 27.246875, 27.19609375, 27.04140625, 27.5, 26.85, 27.0171875, 26.51484375, 26.90234375, 27.909375, 26.27734375, 27.19765625, 26.69765625, 26.9453125, 27.13515625, 27.34140625, 26.7140625, 26.559375, 27.2140625, 26.13046875, 27.94921875, 27.43125, 27.39375, 27.8390625, 27.03515625, 27.1359375, 26.67421875, 27.54765625, 26.8078125]",7aa750f70944196c7b2cfb0a5a496cddf074ca7f8eb0710f465c7b7d02ed7efa,2026073104,control_p0.6_r00|1
control,0.6,0,control_p0.6_r00,m003_balanced_random_group,14f0105f9e20916e897f4df17fdec0d896085dd5f5320e129bc322820142f8a6,balanced_random_group,intermediate,8,0.001232498784226995,0.28283843830272276,1,27.08070746527778,"[26.940625, 26.63359375, 26.63203125, 26.5140625, 27.75234375, 27.3859375, 26.9671875, 27.875, 27.246875, 27.19609375, 27.04140625, 27.5, 26.85, 27.0171875, 26.51484375, 26.90234375, 27.909375, 26.27734375, 27.19765625, 26.69765625, 26.9453125, 27.13515625, 27.34140625, 26.7140625, 26.559375, 27.2140625, 26.13046875, 27.94921875, 27.43125, 27.39375, 27.8390625, 27.03515625, 27.1359375, 26.67421875, 27.54765625, 26.8078125]",7aa750f70944196c7b2cfb0a5a496cddf074ca7f8eb0710f465c7b7d02ed7efa,2026073104,control_p0.6_r00|1
control,0.6,0,control_p0.6_r00,m004_balanced_random_group,bb2ba2d5c103ddf6a98d341d94ebe51e88d622a6cb807898cdf9fd63b491a80f,balanced_random_group,intermediate,16,0.003431256553023867,0.28283843830272276,1,27.08070746527778,"[26.940625, 26.63359375, 26.63203125, 26.5140625, 27.75234375, 27.3859375, 26.9671875, 27.875, 27.246875, 27.19609375, 27.04140625, 27.5, 26.85, 27.0171875, 26.51484375, 26.90234375, 27.909375, 26.27734375, 27.19765625, 26.69765625, 26.9453125, 27.13515625, 27.34140625, 26.7140625, 26.559375, 27.2140625, 26.13046875, 27.94921875, 27.43125, 27.39375, 27.8390625, 27.03515625, 27.1359375, 26.67421875, 27.54765625, 26.8078125]",7aa750f70944196c7b2cfb0a5a496cddf074ca7f8eb0710f465c7b7d02ed7efa,2026073104,control_p0.6_r00|1
control,0.6,0,control_p0.6_r00,m005_balanced_random_group,c65bd191d1da1176a8030b84146455e1d1f9bf63bb8d4993a72ab07906c80b78,balanced_random_group,intermediate,32,0.008310087340619957,0.28283843830272276,1,27.08070746527778,"[26.940625, 26.63359375, 26.63203125, 26.5140625, 27.75234375, 27.3859375, 26.9671875, 27.875, 27.246875, 27.19609375, 27.04140625, 27.5, 26.85, 27.0171875, 26.51484375, 26.90234375, 27.909375, 26.27734375, 27.19765625, 26.69765625, 26.9453125, 27.13515625, 27.34140625, 26.7140625, 26.559375, 27.2140625, 26.13046875, 27.94921875, 27.43125, 27.39375, 27.8390625, 27.03515625, 27.1359375, 26.67421875, 27.54765625, 26.8078125]",7aa750f70944196c7b2cfb0a5a496cddf074ca7f8eb0710f465c7b7d02ed7efa,2026073104,control_p0.6_r00|1
control,0.6,0,control_p0.6_r00,m006_balanced_random_group,54146794238237c8e13f9205ac93004ce5acfdbc51f3cd9b991ee15e2a36f684,balanced_random_group,intermediate,64,0.013848620788730077,0.28283843830272276,1,27.08070746527778,"[26.940625, 26.63359375, 26.63203125, 26.5140625, 27.75234375, 27.3859375, 26.9671875, 27.875, 27.246875, 27.19609375, 27.04140625, 27.5, 26.85, 27.0171875, 26.51484375, 26.90234375, 27.909375, 26.27734375, 27.19765625, 26.69765625, 26.9453125, 27.13515625, 27.34140625, 26.7140625, 26.559375, 27.2140625, 26.13046875, 27.94921875, 27.43125, 27.39375, 27.8390625, 27.03515625, 27.1359375, 26.67421875, 27.54765625, 26.8078125]",7aa750f70944196c7b2cfb0a5a496cddf074ca7f8eb0710f465c7b7d02ed7efa,2026073104,control_p0.6_r00|1
control,0.6,0,control_p0.6_r00,m007_balanced_random_group,e179435da112ea8d971ae26891de689741e68338ddf13a7241197cfbaded0b83,balanced_random_group,intermediate,128,0.0327092153409171,0.28283843830272276,1,27.08070746527778,"[26.940625, 26.63359375, 26.63203125, 26.5140625, 27.75234375, 27.3859375, 26.9671875, 27.875, 27.246875, 27.19609375, 27.04140625, 27.5, 26.85, 27.0171875, 26.51484375, 26.90234375, 27.909375, 26.27734375, 27.19765625, 26.69765625, 26.9453125, 27.13515625, 27.34140625, 26.7140625, 26.559375, 27.2140625, 26.13046875, 27.94921875, 27.43125, 27.39375, 27.8390625, 27.03515625, 27.1359375, 26.67421875, 27.54765625, 26.8078125]",7aa750f70944196c7b2cfb0a5a496cddf074ca7f8eb0710f465c7b7d02ed7efa,2026073104,control_p0.6_r00|1
control,0.6,0,control_p0.6_r00,m008_balanced_random_group,e471d7c08820922fc6c21006a6b4685c49e9368d31cd4fbe021c3167456046e0,balanced_random_group,intermediate,256,0.06892391736620006,0.28283843830272276,1,27.08070746527778,"[26.940625, 26.63359375, 26.63203125, 26.5140625, 27.75234375, 27.3859375, 26.9671875, 27.875, 27.246875, 27.19609375, 27.04140625, 27.5, 26.85, 27.0171875, 26.51484375, 26.90234375, 27.909375, 26.27734375, 27.19765625, 26.69765625, 26.9453125, 27.13515625, 27.34140625, 26.7140625, 26.559375, 27.2140625, 26.13046875, 27.94921875, 27.43125, 27.39375, 27.8390625, 27.03515625, 27.1359375, 26.67421875, 27.54765625, 26.8078125]",7aa750f70944196c7b2cfb0a5a496cddf074ca7f8eb0710f465c7b7d02ed7efa,2026073104,control_p0.6_r00|1
control,0.6,0,control_p0.6_r00,m009_balanced_random_group,3394d1cdf22e9723777f99c632a137ebcd7b9bff50e9406fa9f5a34da26ac720,balanced_random_group,intermediate,512,0.14248377082274566,0.28283843830272276,1,27.08070746527778,"[26.940625, 26.63359375, 26.63203125, 26.5140625, 27.75234375, 27.3859375, 26.9671875, 27.875, 27.246875, 27.19609375, 27.04140625, 27.5, 26.85, 27.0171875, 26.51484375, 26.90234375, 27.909375, 26.27734375, 27.19765625, 26.69765625, 26.9453125, 27.13515625, 27.34140625, 26.7140625, 26.559375, 27.2140625, 26.13046875, 27.94921875, 27.43125, 27.39375, 27.8390625, 27.03515625, 27.1359375, 26.67421875, 27.54765625, 26.8078125]",7aa750f70944196c7b2cfb0a5a496cddf074ca7f8eb0710f465c7b7d02ed7efa,2026073104,control_p0.6_r00|1
control,0.6,0,control_p0.6_r00,m010_affinity_rank_group,3f53151fb2f814971fd6c0128c5c0b7afe1b5cb5257e46a1db18b8ebc9946d94,affinity_rank_group,intermediate,2,8.148995581513732e-05,0.28283843830272276,1,27.08070746527778,"[26.940625, 26.63359375, 26.63203125, 26.5140625, 27.75234375, 27.3859375, 26.9671875, 27.875, 27.246875, 27.19609375, 27.04140625, 27.5, 26.85, 27.0171875, 26.51484375, 26.90234375, 27.909375, 26.27734375, 27.19765625, 26.69765625, 26.9453125, 27.13515625, 27.34140625, 26.7140625, 26.559375, 27.2140625, 26.13046875, 27.94921875, 27.43125, 27.39375, 27.8390625, 27.03515625, 27.1359375, 26.67421875, 27.54765625, 26.8078125]",7aa750f70944196c7b2cfb0a5a496cddf074ca7f8eb0710f465c7b7d02ed7efa,2026073104,control_p0.6_r00|1
control,0.6,0,control_p0.6_r00,m011_affinity_rank_group,92e56b0f11cdce879476507882d715f1eecc12de134fc3982530e28ffd4eba29,affinity_rank_group,intermediate,4,0.0007602298197400672,0.28283843830272276,1,27.08070746527778,"[26.940625, 26.63359375, 26.63203125, 26.5140625, 27.75234375, 27.3859375, 26.9671875, 27.875, 27.246875, 27.19609375, 27.04140625, 27.5, 26.85, 27.0171875, 26.51484375, 26.90234375, 27.909375, 26.27734375, 27.19765625, 26.69765625, 26.9453125, 27.13515625, 27.34140625, 26.7140625, 26.559375, 27.2140625, 26.13046875, 27.94921875, 27.43125, 27.39375, 27.8390625, 27.03515625, 27.1359375, 26.67421875, 27.54765625, 26.8078125]",7aa750f70944196c7b2cfb0a5a496cddf074ca7f8eb0710f465c7b7d02ed7efa,2026073104,control_p0.6_r00|1
control,0.6,0,control_p0.6_r00,m012_affinity_rank_group,0a19adabdd017fc722384804e89caf4ecf35837689486f63c24094087da5c2ba,affinity_rank_group,intermediate,8,0.00177441244580141,0.28283843830272276,1,27.08070746527778,"[26.940625, 26.63359375, 26.63203125, 26.5140625, 27.75234375, 27.3859375, 26.9671875, 27.875, 27.246875, 27.19609375, 27.04140625, 27.5, 26.85, 27.0171875, 26.51484375, 26.90234375, 27.909375, 26.27734375, 27.19765625, 26.69765625, 26.9453125, 27.13515625, 27.34140625, 26.7140625, 26.559375, 27.2140625, 26.13046875, 27.94921875, 27.43125, 27.39375, 27.8390625, 27.03515625, 27.1359375, 26.67421875, 27.54765625, 26.8078125]",7aa750f70944196c7b2cfb0a5a496cddf074ca7f8eb0710f465c7b7d02ed7efa,2026073104,control_p0.6_r00|1
control,0.6,0,control_p0.6_r00,m013_affinity_rank_group,d176c8d0ee881709b5af7061b49578d8041bef9dde73ceb9e47e4dd86f7ee987,affinity_rank_group,intermediate,16,0.003834645984333715,0.28283843830272276,1,27.08070746527778,"[26.940625, 26.63359375, 26.63203125, 26.5140625, 27.75234375, 27.3859375, 26.9671875, 27.875, 27.246875, 27.19609375, 27.04140625, 27.5, 26.85, 27.0171875, 26.51484375, 26.90234375, 27.909375, 26.27734375, 27.19765625, 26.69765625, 26.9453125, 27.13515625, 27.34140625, 26.7140625, 26.559375, 27.2140625, 26.13046875, 27.94921875, 27.43125, 27.39375, 27.8390625, 27.03515625, 27.1359375, 26.67421875, 27.54765625, 26.8078125]",7aa750f70944196c7b2cfb0a5a496cddf074ca7f8eb0710f465c7b7d02ed7efa,2026073104,control_p0.6_r00|1
control,0.6,0,control_p0.6_r00,m014_affinity_rank_group,a08bb91ec0e66d0b3afe5332032fd3fb6769016bc04c2710b5e01a8e599df454,affinity_rank_group,intermediate,32,0.008525730890924583,0.28283843830272276,1,27.08070746527778,"[26.940625, 26.63359375, 26.63203125, 26.5140625, 27.75234375, 27.3859375, 26.9671875, 27.875, 27.246875, 27.19609375, 27.04140625, 27.5, 26.85, 27.0171875, 26.51484375, 26.90234375, 27.909375, 26.27734375, 27.19765625, 26.69765625, 26.9453125, 27.13515625, 27.34140625, 26.7140625, 26.559375, 27.2140625, 26.13046875, 27.94921875, 27.43125, 27.39375, 27.8390625, 27.03515625, 27.1359375, 26.67421875, 27.54765625, 26.8078125]",7aa750f70944196c7b2cfb0a5a496cddf074ca7f8eb0710f465c7b7d02ed7efa,2026073104,control_p0.6_r00|1
control,0.6,0,control_p0.6_r00,m015_affinity_rank_group,6ac4e014d135d7a7fbd4592fdf320f48570dc4bce5e1a5c2ca6054715b80f98a,affinity_rank_group,intermediate,64,0.01616084505490332,0.28283843830272276,1,27.08070746527778,"[26.940625, 26.63359375, 26.63203125, 26.5140625, 27.75234375, 27.3859375, 26.9671875, 27.875, 27.246875, 27.19609375, 27.04140625, 27.5, 26.85, 27.0171875, 26.51484375, 26.90234375, 27.909375, 26.27734375, 27.19765625, 26.69765625, 26.9453125, 27.13515625, 27.34140625, 26.7140625, 26.559375, 27.2140625, 26.13046875, 27.94921875, 27.43125, 27.39375, 27.8390625, 27.03515625, 27.1359375, 26.67421875, 27.54765625, 26.8078125]",7aa750f70944196c7b2cfb0a5a496cddf074ca7f8eb0710f465c7b7d02ed7efa,2026073104,control_p0.6_r00|1
control,0.6,0,control_p0.6_r00,m016_affinity_rank_group,4c0d0a036a5c51abb14f88b143c35a9a2e7cecb590d4d0752b078fe3b59a18dd,affinity_rank_group,intermediate,128,0.03231962091908071,0.28283843830272276,1,27.08070746527778,"[26.940625, 26.63359375, 26.63203125, 26.5140625, 27.75234375, 27.3859375, 26.9671875, 27.875, 27.246875, 27.19609375, 27.04140625, 27.5, 26.85, 27.0171875, 26.51484375, 26.90234375, 27.909375, 26.27734375, 27.19765625, 26.69765625, 26.9453125, 27.13515625, 27.34140625, 26.7140625, 26.559375, 27.2140625, 26.13046875, 27.94921875, 27.43125, 27.39375, 27.8390625, 27.03515625, 27.1359375, 26.67421875, 27.54765625, 26.8078125]",7aa750f70944196c7b2cfb0a5a496cddf074ca7f8eb0710f465c7b7d02ed7efa,2026073104,control_p0.6_r00|1
control,0.6,0,control_p0.6_r00,m017_affinity_rank_group,cf78b05538711825e0795152b13c3d2c15b5cd16f89c1995f7b006d8bc57c6a2,affinity_rank_group,intermediate,256,0.06614507949452672,0.28283843830272276,1,27.08070746527778,"[26.940625, 26.63359375, 26.63203125, 26.5140625, 27.75234375, 27.3859375, 26.9671875, 27.875, 27.246875, 27.19609375, 27.04140625, 27.5, 26.85, 27.0171875, 26.51484375, 26.90234375, 27.909375, 26.27734375, 27.19765625, 26.69765625, 26.9453125, 27.13515625, 27.34140625, 26.7140625, 26.559375, 27.2140625, 26.13046875, 27.94921875, 27.43125, 27.39375, 27.8390625, 27.03515625, 27.1359375, 26.67421875, 27.54765625, 26.8078125]",7aa750f70944196c7b2cfb0a5a496cddf074ca7f8eb0710f465c7b7d02ed7efa,2026073104,control_p0.6_r00|1
control,0.6,0,control_p0.6_r00,m018_affinity_rank_group,24a6acb87a7364b0b1cbbe6fecc84df53e5243c78a06a6c6c4e7354b3e359435,affinity_rank_group,intermediate,512,0.1426781606338058,0.28283843830272276,1,27.08070746527778,"[26.940625, 26.63359375, 26.63203125, 26.5140625, 27.75234375, 27.3859375, 26.9671875, 27.875, 27.246875, 27.19609375, 27.04140625, 27.5, 26.85, 27.0171875, 26.51484375, 26.90234375, 27.909375, 26.27734375, 27.19765625, 26.69765625, 26.9453125, 27.13515625, 27.34140625, 26.7140625, 26.559375, 27.2140625, 26.13046875, 27.94921875, 27.43125, 27.39375, 27.8390625, 27.03515625, 27.1359375, 26.67421875, 27.54765625, 26.8078125]",7aa750f70944196c7b2cfb0a5a496cddf074ca7f8eb0710f465c7b7d02ed7efa,2026073104,control_p0.6_r00|1
control,0.6,0,control_p0.6_r00,m019_contiguous_substring,16cfd655e57fba08a658c1d50e1fe5976b2f905eee09ec260833cfb2b49d6f38,contiguous_substring,intermediate,4,0.000542531945870897,0.28283843830272276,1,27.08070746527778,"[26.940625, 26.63359375, 26.63203125, 26.5140625, 27.75234375, 27.3859375, 26.9671875, 27.875, 27.246875, 27.19609375, 27.04140625, 27.5, 26.85, 27.0171875, 26.51484375, 26.90234375, 27.909375, 26.27734375, 27.19765625, 26.69765625, 26.9453125, 27.13515625, 27.34140625, 26.7140625, 26.559375, 27.2140625, 26.13046875, 27.94921875, 27.43125, 27.39375, 27.8390625, 27.03515625, 27.1359375, 26.67421875, 27.54765625, 26.8078125]",7aa750f70944196c7b2cfb0a5a496cddf074ca7f8eb0710f465c7b7d02ed7efa,2026073104,control_p0.6_r00|1
control,0.6,0,control_p0.6_r00,m020_contiguous_substring,6fb076d21f3b26febc2e6a328628b3ea581ce0709de4263bbe675d61bdb74942,contiguous_substring,intermediate,4,0.0003066231359256984,0.28283843830272276,1,27.08070746527778,"[26.940625, 26.63359375, 26.63203125, 26.5140625, 27.75234375, 27.3859375, 26.9671875, 27.875, 27.246875, 27.19609375, 27.04140625, 27.5, 26.85, 27.0171875, 26.51484375, 26.90234375, 27.909375, 26.27734375, 27.19765625, 26.69765625, 26.9453125, 27.13515625, 27.34140625, 26.7140625, 26.559375, 27.2140625, 26.13046875, 27.94921875, 27.43125, 27.39375, 27.8390625, 27.03515625, 27.1359375, 26.67421875, 27.54765625, 26.8078125]",7aa750f70944196c7b2cfb0a5a496cddf074ca7f8eb0710f465c7b7d02ed7efa,2026073104,control_p0.6_r00|1
control,0.6,0,control_p0.6_r00,m021_contiguous_substring,3ac98b3bd2edbbfc3b4339ca0066047ccba8e1cfa0ce798acbd27bab5b87d8af,contiguous_substring,intermediate,4,0.0007971244557617226,0.28283843830272276,1,27.08070746527778,"[26.940625, 26.63359375, 26.63203125, 26.5140625, 27.75234375, 27.3859375, 26.9671875, 27.875, 27.246875, 27.19609375, 27.04140625, 27.5, 26.85, 27.0171875, 26.51484375, 26.90234375, 27.909375, 26.27734375, 27.19765625, 26.69765625, 26.9453125, 27.13515625, 27.34140625, 26.7140625, 26.559375, 27.2140625, 26.13046875, 27.94921875, 27.43125, 27.39375, 27.8390625, 27.03515625, 27.1359375, 26.67421875, 27.54765625, 26.8078125]",7aa750f70944196c7b2cfb0a5a496cddf074ca7f8eb0710f465c7b7d02ed7efa,2026073104,control_p0.6_r00|1
control,0.6,0,control_p0.6_r00,m022_contiguous_substring,fc015e86e4e7f2c734c05fb1135856a6186a7b6e6f3079acc6d6c6e4aa7442e4,contiguous_substring,intermediate,4,0.0008003117769828389,0.28283843830272276,1,27.08070746527778,"[26.940625, 26.63359375, 26.63203125, 26.5140625, 27.75234375, 27.3859375, 26.9671875, 27.875, 27.246875, 27.19609375, 27.04140625, 27.5, 26.85, 27.0171875, 26.51484375, 26.90234375, 27.909375, 26.27734375, 27.19765625, 26.69765625, 26.9453125, 27.13515625, 27.34140625, 26.7140625, 26.559375, 27.2140625, 26.13046875, 27.94921875, 27.43125, 27.39375, 27.8390625, 27.03515625, 27.1359375, 26.67421875, 27.54765625, 26.8078125]",7aa750f70944196c7b2cfb0a5a496cddf074ca7f8eb0710f465c7b7d02ed7efa,2026073104,control_p0.6_r00|1
control,0.6,0,control_p0.6_r00,m023_contiguous_substring,6d8bb74bcdeefe62988bcebfe3cdb7110ea14648c3393721f4a4095032ddf61b,contiguous_substring,intermediate,4,0.0008659452803426333,0.28283843830272276,1,27.08070746527778,"[26.940625, 26.63359375, 26.63203125, 26.5140625, 27.75234375, 27.3859375, 26.9671875, 27.875, 27.246875, 27.19609375, 27.04140625, 27.5, 26.85, 27.0171875, 26.51484375, 26.90234375, 27.909375, 26.27734375, 27.19765625, 26.69765625, 26.9453125, 27.13515625, 27.34140625, 26.7140625, 26.559375, 27.2140625, 26.13046875, 27.94921875, 27.43125, 27.39375, 27.8390625, 27.03515625, 27.1359375, 26.67421875, 27.54765625, 26.8078125]",7aa750f70944196c7b2cfb0a5a496cddf074ca7f8eb0710f465c7b7d02ed7efa,2026073104,control_p0.6_r00|1
control,0.6,0,control_p0.6_r00,m024_contiguous_substring,94ab69bff5420fbcf4c18d7a247ef0e4b9577d1295271abf78a62f51c3b59a0f,contiguous_substring,intermediate,16,0.0029345253469190446,0.28283843830272276,1,27.08070746527778,"[26.940625, 26.63359375, 26.63203125, 26.5140625, 27.75234375, 27.3859375, 26.9671875, 27.875, 27.246875, 27.19609375, 27.04140625, 27.5, 26.85, 27.0171875, 26.51484375, 26.90234375, 27.909375, 26.27734375, 27.19765625, 26.69765625, 26.9453125, 27.13515625, 27.34140625, 26.7140625, 26.559375, 27.2140625, 26.13046875, 27.94921875, 27.43125, 27.39375, 27.8390625, 27.03515625, 27.1359375, 26.67421875, 27.54765625, 26.8078125]",7aa750f70944196c7b2cfb0a5a496cddf074ca7f8eb0710f465c7b7d02ed7efa,2026073104,control_p0.6_r00|1
control,0.6,0,control_p0.6_r00,m025_contiguous_substring,ae330f3e6dd51f734f790820a896827f916e8d775c69ea1f205c55aa81507fe0,contiguous_substring,intermediate,16,0.0031472918474723865,0.28283843830272276,1,27.08070746527778,"[26.940625, 26.63359375, 26.63203125, 26.5140625, 27.75234375, 27.3859375, 26.9671875, 27.875, 27.246875, 27.19609375, 27.04140625, 27.5, 26.85, 27.0171875, 26.51484375, 26.90234375, 27.909375, 26.27734375, 27.19765625, 26.69765625, 26.9453125, 27.13515625, 27.34140625, 26.7140625, 26.559375, 27.2140625, 26.13046875, 27.94921875, 27.43125, 27.39375, 27.8390625, 27.03515625, 27.1359375, 26.67421875, 27.54765625, 26.8078125]",7aa750f70944196c7b2cfb0a5a496cddf074ca7f8eb0710f465c7b7d02ed7efa,2026073104,control_p0.6_r00|1
control,0.6,0,control_p0.6_r00,m026_contiguous_substring,5d3c5ea59a3a81c2ffdcfc7029fe0ab078b39be0217f1ee2611101845014273b,contiguous_substring,intermediate,16,0.0036713261112645496,0.28283843830272276,1,27.08070746527778,"[26.940625, 26.63359375, 26.63203125, 26.5140625, 27.75234375, 27.3859375, 26.9671875, 27.875, 27.246875, 27.19609375, 27.04140625, 27.5, 26.85, 27.0171875, 26.51484375, 26.90234375, 27.909375, 26.27734375, 27.19765625, 26.69765625, 26.9453125, 27.13515625, 27.34140625, 26.7140625, 26.559375, 27.2140625, 26.13046875, 27.94921875, 27.43125, 27.39375, 27.8390625, 27.03515625, 27.1359375, 26.67421875, 27.54765625, 26.8078125]",7aa750f70944196c7b2cfb0a5a496cddf074ca7f8eb0710f465c7b7d02ed7efa,2026073104,control_p0.6_r00|1
control,0.6,0,control_p0.6_r00,m027_contiguous_substring,6edfbfdb62fbf79744d4ecfb6fe43de95b2133d87a10f24061ecc84297b1c267,contiguous_substring,intermediate,16,0.004193515970327676,0.28283843830272276,1,27.08070746527778,"[26.940625, 26.63359375, 26.63203125, 26.5140625, 27.75234375, 27.3859375, 26.9671875, 27.875, 27.246875, 27.19609375, 27.04140625, 27.5, 26.85, 27.0171875, 26.51484375, 26.90234375, 27.909375, 26.27734375, 27.19765625, 26.69765625, 26.9453125, 27.13515625, 27.34140625, 26.7140625, 26.559375, 27.2140625, 26.13046875, 27.94921875, 27.43125, 27.39375, 27.8390625, 27.03515625, 27.1359375, 26.67421875, 27.54765625, 26.8078125]",7aa750f70944196c7b2cfb0a5a496cddf074ca7f8eb0710f465c7b7d02ed7efa,2026073104,control_p0.6_r00|1
control,0.6,0,control_p0.6_r00,m028_contiguous_substring,6f9a04216ce84ed3a2ef19a2010723c498d866f2bb5d6eda67ea1bd16782bfd8,contiguous_substring,intermediate,64,0.015943289374548086,0.28283843830272276,1,27.08070746527778,"[26.940625, 26.63359375, 26.63203125, 26.5140625, 27.75234375, 27.3859375, 26.9671875, 27.875, 27.246875, 27.19609375, 27.04140625, 27.5, 26.85, 27.0171875, 26.51484375, 26.90234375, 27.909375, 26.27734375, 27.19765625, 26.69765625, 26.9453125, 27.13515625, 27.34140625, 26.7140625, 26.559375, 27.2140625, 26.13046875, 27.94921875, 27.43125, 27.39375, 27.8390625, 27.03515625, 27.1359375, 26.67421875, 27.54765625, 26.8078125]",7aa750f70944196c7b2cfb0a5a496cddf074ca7f8eb0710f465c7b7d02ed7efa,2026073104,control_p0.6_r00|1
control,0.6,0,control_p0.6_r00,m029_contiguous_substring,8d4ddfbfac0226f6a695d6b22ee21fbf533251852e95baca71b09f7710bfb22c,contiguous_substring,intermediate,64,0.015758279962518815,0.28283843830272276,1,27.08070746527778,"[26.940625, 26.63359375, 26.63203125, 26.5140625, 27.75234375, 27.3859375, 26.9671875, 27.875, 27.246875, 27.19609375, 27.04140625, 27.5, 26.85, 27.0171875, 26.51484375, 26.90234375, 27.909375, 26.27734375, 27.19765625, 26.69765625, 26.9453125, 27.13515625, 27.34140625, 26.7140625, 26.559375, 27.2140625, 26.13046875, 27.94921875, 27.43125, 27.39375, 27.8390625, 27.03515625, 27.1359375, 26.67421875, 27.54765625, 26.8078125]",7aa750f70944196c7b2cfb0a5a496cddf074ca7f8eb0710f465c7b7d02ed7efa,2026073104,control_p0.6_r00|1
control,0.6,0,control_p0.6_r00,m030_contiguous_substring,6ff19e1927dcafbb441ab0b4a0a61b92d1295d402f3277307a3f5b9d7850b98a,contiguous_substring,intermediate,64,0.01600705311816694,0.28283843830272276,1,27.08070746527778,"[26.940625, 26.63359375, 26.63203125, 26.5140625, 27.75234375, 27.3859375, 26.9671875, 27.875, 27.246875, 27.19609375, 27.04140625, 27.5, 26.85, 27.0171875, 26.51484375, 26.90234375, 27.909375, 26.27734375, 27.19765625, 26.69765625, 26.9453125, 27.13515625, 27.34140625, 26.7140625, 26.559375, 27.2140625, 26.13046875, 27.94921875, 27.43125, 27.39375, 27.8390625, 27.03515625, 27.1359375, 26.67421875, 27.54765625, 26.8078125]",7aa750f70944196c7b2cfb0a5a496cddf074ca7f8eb0710f465c7b7d02ed7efa,2026073104,control_p0.6_r00|1
control,0.6,0,control_p0.6_r00,m031_contiguous_substring,c824c782df91faee7515c9d811fab43ed5426465074d2e812a5277507d28ae96,contiguous_substring,intermediate,256,0.06648955333060586,0.28283843830272276,1,27.08070746527778,"[26.940625, 26.63359375, 26.63203125, 26.5140625, 27.75234375, 27.3859375, 26.9671875, 27.875, 27.246875, 27.19609375, 27.04140625, 27.5, 26.85, 27.0171875, 26.51484375, 26.90234375, 27.909375, 26.27734375, 27.19765625, 26.69765625, 26.9453125, 27.13515625, 27.34140625, 26.7140625, 26.559375, 27.2140625, 26.13046875, 27.94921875, 27.43125, 27.39375, 27.8390625, 27.03515625, 27.1359375, 26.67421875, 27.54765625, 26.8078125]",7aa750f70944196c7b2cfb0a5a496cddf074ca7f8eb0710f465c7b7d02ed7efa,2026073104,control_p0.6_r00|1
control,0.6,0,control_p0.6_r00,m032_contiguous_substring,ef835eb9c371f618c6958654a7d25a1df1d12c09a53ecf66f9209fb882a8542d,contiguous_substring,intermediate,256,0.06756719451986724,0.28283843830272276,1,27.08070746527778,"[26.940625, 26.63359375, 26.63203125, 26.5140625, 27.75234375, 27.3859375, 26.9671875, 27.875, 27.246875, 27.19609375, 27.04140625, 27.5, 26.85, 27.0171875, 26.51484375, 26.90234375, 27.909375, 26.27734375, 27.19765625, 26.69765625, 26.9453125, 27.13515625, 27.34140625, 26.7140625, 26.559375, 27.2140625, 26.13046875, 27.94921875, 27.43125, 27.39375, 27.8390625, 27.03515625, 27.1359375, 26.67421875, 27.54765625, 26.8078125]",7aa750f70944196c7b2cfb0a5a496cddf074ca7f8eb0710f465c7b7d02ed7efa,2026073104,control_p0.6_r00|1
control,0.6,0,control_p0.6_r00,m033_identity,2f88e9ce00d238e7e011a7b140b413dcad818f1da41a721f914f1af604d0e217,identity,identity,1024,0.28283843830272276,0.28283843830272276,1,27.08070746527778,"[26.940625, 26.63359375, 26.63203125, 26.5140625, 27.75234375, 27.3859375, 26.9671875, 27.875, 27.246875, 27.19609375, 27.04140625, 27.5, 26.85, 27.0171875, 26.51484375, 26.90234375, 27.909375, 26.27734375, 27.19765625, 26.69765625, 26.9453125, 27.13515625, 27.34140625, 26.7140625, 26.559375, 27.2140625, 26.13046875, 27.94921875, 27.43125, 27.39375, 27.8390625, 27.03515625, 27.1359375, 26.67421875, 27.54765625, 26.8078125]",7aa750f70944196c7b2cfb0a5a496cddf074ca7f8eb0710f465c7b7d02ed7efa,2026073104,control_p0.6_r00|1
