inherit_prob,condition,baseline_replicate,target_tolerance,actual_viability,constant_viability,identity_viability,value_of_information,target_viability,target_reached,censoring,semantic_information,semantic_lower_bound,max_retained_information,baseline_information,identity_information,identity_information_recovered,identity_viability_recovered,n_unique_maps,n_continuation_rows,min_continuations_per_map,max_continuations_per_map
0.1,control,control_p0.1_r00,0.01,27.17932942708333,27.17932942708333,27.17932942708333,0.0,27.17932942708333,True,none,8.008566259537292e-17,,0.2819907697514612,0.2819907697514612,0.2819907697514612,True,True,34,70,2,2
0.1,control,control_p0.1_r01,0.01,27.07311197916667,27.07311197916667,27.07311197916667,0.0,27.07311197916667,True,none,8.008566259537293e-17,,0.285234141919272,0.285234141919272,0.285234141919272,True,True,34,70,2,2
0.1,control,control_p0.1_r02,0.01,27.169433593749996,27.169433593749996,27.169433593749996,0.0,27.169433593749996,True,none,0.0,,0.2894755848841978,0.2894755848841978,0.2894755848841978,True,True,34,70,2,2
0.1,control,control_p0.1_r03,0.01,27.130696614583336,27.130696614583336,27.130696614583336,0.0,27.130696614583336,True,none,0.0,,0.2882695472885763,0.2882695472885763,0.2882695472885763,True,True,34,70,2,2
0.1,control,control_p0.1_r04,0.01,27.11335720486111,27.11335720486111,27.11335720486111,0.0,27.11335720486111,True,none,0.0,,0.286511083956133,0.286511083956133,0.286511083956133,True,True,34,70,2,2
0.1,control,control_p0.1_r05,0.01,27.12560763888889,27.12560763888889,27.12560763888889,0.0,27.12560763888889,True,none,0.0,,0.2866881327953254,0.2866881327953254,0.2866881327953254,True,True,34,70,2,2
0.1,control,control_p0.1_r06,0.01,27.127115885416668,27.127115885416668,27.127115885416668,0.0,27.127115885416668,True,none,0.0,,0.2868726262264759,0.2868726262264759,0.2868726262264759,True,True,34,70,2,2
0.1,control,control_p0.1_r07,0.01,27.13217230902778,27.13217230902778,27.13217230902778,0.0,27.13217230902778,True,none,0.0,,0.2813724754990932,0.2813724754990932,0.2813724754990932,True,True,34,70,2,2
0.1,control,control_p0.1_r08,0.01,27.04736328125,27.04736328125,27.04736328125,0.0,27.04736328125,True,none,0.0,,0.2867024415728111,0.2867024415728111,0.2867024415728111,True,True,34,70,2,2
0.1,control,control_p0.1_r09,0.01,27.12587890625,27.12587890625,27.12587890625,0.0,27.12587890625,True,none,0.0,,0.2916333740252769,0.2916333740252769,0.2916333740252769,True,True,34,70,2,2
0.1,control,control_p0.1_r10,0.01,27.129915364583333,27.129915364583333,27.129915364583333,0.0,27.129915364583333,True,none,0.0,,0.2849382082402262,0.2849382082402262,0.2849382082402262,True,True,34,70,2,2
0.1,control,control_p0.1_r11,0.01,27.12570529513889,27.12570529513889,27.12570529513889,0.0,27.12570529513889,True,none,0.0,,0.2861736977652341,0.2861736977652341,0.2861736977652341,True,True,34,70,2,2
0.1,control,control_p0.1_r12,0.01,27.234993489583335,27.234993489583335,27.234993489583335,0.0,27.234993489583335,True,none,8.008566259537293e-17,,0.2839354585964659,0.2839354585964659,0.2839354585964659,True,True,34,70,2,2
0.1,control,control_p0.1_r13,0.01,27.10384114583333,27.10384114583333,27.10384114583333,0.0,27.10384114583333,True,none,0.0,,0.2877566185676902,0.2877566185676902,0.2877566185676902,True,True,34,70,2,2
0.1,control,control_p0.1_r14,0.01,27.18972439236111,27.18972439236111,27.18972439236111,0.0,27.18972439236111,True,none,8.008566259537293e-17,,0.2827534680433859,0.2827534680433859,0.2827534680433859,True,True,34,70,2,2
0.1,control,control_p0.1_r15,0.01,27.089583333333337,27.089583333333337,27.089583333333337,0.0,27.089583333333337,True,none,-8.008566259537294e-17,,0.2842642042908043,0.2842642042908043,0.2842642042908043,True,True,34,70,2,2
0.1,control,control_p0.1_r16,0.01,27.082769097222222,27.082769097222222,27.082769097222222,0.0,27.082769097222222,True,none,8.008566259537293e-17,,0.287774723012522,0.287774723012522,0.287774723012522,True,True,34,70,2,2
0.1,control,control_p0.1_r17,0.01,27.150965711805554,27.150965711805554,27.150965711805554,0.0,27.150965711805554,True,none,0.0,,0.2866005535586039,0.2866005535586039,0.2866005535586039,True,True,34,70,2,2
0.1,control,control_p0.1_r18,0.01,27.112706163194446,27.112706163194446,27.112706163194446,0.0,27.112706163194446,True,none,0.0,,0.2898757278138869,0.2898757278138869,0.2898757278138869,True,True,34,70,2,2
0.1,control,control_p0.1_r19,0.01,27.150303819444446,27.150303819444446,27.150303819444446,0.0,27.150303819444446,True,none,-3.697785493223493e-32,,0.2813511028980044,0.2813511028980044,0.2813511028980044,True,True,34,70,2,2
0.1,selective,selective_p0.1_r00,0.01,32.943945312500006,27.13857421875,32.943945312500006,5.805371093750004,32.885891601562506,True,none,0.5096972275643125,,0.5096972275643125,0.5096972275643125,0.5096972275643125,True,True,34,70,2,2
0.1,selective,selective_p0.1_r01,0.01,32.89586588541667,27.20132378472222,32.89586588541667,5.6945421006944485,32.838920464409725,True,none,0.505955762879911,,0.505955762879911,0.505955762879911,0.505955762879911,True,True,34,70,2,2
0.1,selective,selective_p0.1_r02,0.01,32.929177517361104,27.297786458333334,32.929177517361104,5.63139105902777,32.87286360677083,True,none,0.503905155406701,,0.503905155406701,0.503905155406701,0.503905155406701,True,True,34,70,2,2
0.1,selective,selective_p0.1_r03,0.01,32.88183593750001,27.233506944444443,32.88183593750001,5.648328993055564,32.82535264756945,True,none,0.5015382413926501,,0.5015382413926501,0.5015382413926501,0.5015382413926501,True,True,34,70,2,2
0.1,selective,selective_p0.1_r04,0.01,32.906879340277776,27.258496093750004,32.906879340277776,5.6483832465277715,32.8503955078125,True,none,0.4985242810986259,,0.4985242810986259,0.4985242810986259,0.4985242810986259,True,True,34,70,2,2
0.1,selective,selective_p0.1_r05,0.01,32.94059244791667,27.202647569444444,32.94059244791667,5.737944878472227,32.88321299913195,True,none,0.4979909721627685,,0.4979909721627685,0.4979909721627685,0.4979909721627685,True,True,34,70,2,2
0.1,selective,selective_p0.1_r06,0.01,32.947667100694446,27.124359809027773,32.947667100694446,5.823307291666673,32.88943402777778,True,none,0.5012791447814027,,0.5012791447814027,0.5012791447814027,0.5012791447814027,True,True,34,70,2,2
0.1,selective,selective_p0.1_r07,0.01,32.80775824652778,27.172102864583334,32.80775824652778,5.635655381944449,32.75140169270834,True,none,0.5015560525297204,,0.5015560525297204,0.5015560525297204,0.5015560525297204,True,True,34,70,2,2
0.1,selective,selective_p0.1_r08,0.01,32.93505859375,27.133680555555557,32.93505859375,5.801378038194443,32.87704481336806,True,none,0.503325415226958,,0.503325415226958,0.503325415226958,0.503325415226958,True,True,34,70,2,2
0.1,selective,selective_p0.1_r09,0.01,32.86338975694444,27.204275173611112,32.86338975694444,5.659114583333331,32.80679861111111,True,none,0.5153760852187205,,0.5153760852187205,0.5153760852187205,0.5153760852187205,True,True,34,70,2,2
0.1,selective,selective_p0.1_r10,0.01,32.879253472222224,27.195073784722222,32.879253472222224,5.684179687500002,32.822411675347226,True,none,0.5021310791825133,,0.5021310791825133,0.5021310791825133,0.5021310791825133,True,True,34,70,2,2
0.1,selective,selective_p0.1_r11,0.01,32.91956380208333,27.185275607638886,32.91956380208333,5.734288194444446,32.86222092013889,True,none,0.5118292585742626,,0.5118292585742626,0.5118292585742626,0.5118292585742626,True,True,34,70,2,2
0.1,selective,selective_p0.1_r12,0.01,32.888769531250006,27.127289496527776,32.888769531250006,5.761480034722229,32.83115473090278,True,none,0.5058065929463832,,0.5058065929463832,0.5058065929463832,0.5058065929463832,True,True,34,70,2,2
0.1,selective,selective_p0.1_r13,0.01,32.950716145833326,27.213107638888893,32.950716145833326,5.737608506944433,32.89334006076388,True,none,0.5047695173214952,,0.5047695173214952,0.5047695173214952,0.5047695173214952,True,True,34,70,2,2
0.1,selective,selective_p0.1_r14,0.01,32.9683376736111,27.103927951388886,32.9683376736111,5.8644097222222165,32.90969357638888,True,none,0.5138576744653859,,0.5138576744653859,0.5138576744653859,0.5138576744653859,True,True,34,70,2,2
0.1,selective,selective_p0.1_r15,0.01,32.92395833333334,27.25167100694444,32.92395833333334,5.672287326388897,32.86723546006945,True,none,0.4993049776873317,,0.4993049776873317,0.4993049776873317,0.4993049776873317,True,True,34,70,2,2
0.1,selective,selective_p0.1_r16,0.01,32.87522786458334,27.200737847222225,32.87522786458334,5.674490017361112,32.818482964409725,True,none,0.5083485204079075,,0.5083485204079075,0.5083485204079075,0.5083485204079075,True,True,34,70,2,2
0.1,selective,selective_p0.1_r17,0.01,32.91153428819445,27.263704427083333,32.91153428819445,5.64782986111112,32.85505598958334,True,none,0.502504676041442,,0.502504676041442,0.502504676041442,0.502504676041442,True,True,34,70,2,2
0.1,selective,selective_p0.1_r18,0.01,32.93568793402778,27.139680989583333,32.93568793402778,5.79600694444445,32.877727864583335,True,none,0.5095274239366905,,0.5095274239366905,0.5095274239366905,0.5095274239366905,True,True,34,70,2,2
0.1,selective,selective_p0.1_r19,0.01,32.91426866319445,27.221950954861107,32.91426866319445,5.692317708333341,32.857345486111114,True,none,0.4988586806211935,,0.4988586806211935,0.4988586806211935,0.4988586806211935,True,True,34,70,2,2
0.2,control,control_p0.2_r00,0.01,27.210850694444446,27.210850694444446,27.210850694444446,0.0,27.210850694444446,True,none,0.0,,0.2871078151513689,0.2871078151513689,0.2871078151513689,True,True,34,70,2,2
0.2,control,control_p0.2_r01,0.01,27.13555772569444,27.13555772569444,27.13555772569444,0.0,27.13555772569444,True,none,0.0,,0.2864371703881275,0.2864371703881275,0.2864371703881275,True,True,34,70,2,2
0.2,control,control_p0.2_r02,0.01,27.144335937500003,27.144335937500003,27.144335937500003,0.0,27.144335937500003,True,none,0.0,,0.2861076817069148,0.2861076817069148,0.2861076817069148,True,True,34,70,2,2
0.2,control,control_p0.2_r03,0.01,27.222265625,27.222265625,27.222265625,0.0,27.222265625,True,none,0.0,,0.2919821846518974,0.2919821846518974,0.2919821846518974,True,True,34,70,2,2
0.2,control,control_p0.2_r04,0.01,27.118663194444444,27.118663194444444,27.118663194444444,0.0,27.118663194444444,True,none,1.6017132519074586e-16,,0.28740727888166,0.28740727888166,0.28740727888166,True,True,34,70,2,2
0.2,control,control_p0.2_r05,0.01,27.20520833333333,27.20520833333333,27.20520833333333,0.0,27.20520833333333,True,none,0.0,,0.2882210329599962,0.2882210329599962,0.2882210329599962,True,True,34,70,2,2
0.2,control,control_p0.2_r06,0.01,27.04685329861111,27.04685329861111,27.04685329861111,0.0,27.04685329861111,True,none,0.0,,0.2840215674311043,0.2840215674311043,0.2840215674311043,True,True,34,70,2,2
0.2,control,control_p0.2_r07,0.01,27.06179470486111,27.06179470486111,27.06179470486111,0.0,27.06179470486111,True,none,0.0,,0.2849012120413732,0.2849012120413732,0.2849012120413732,True,True,34,70,2,2
0.2,control,control_p0.2_r08,0.01,27.166764322916666,27.166764322916666,27.166764322916666,0.0,27.166764322916666,True,none,0.0,,0.285087727647132,0.285087727647132,0.285087727647132,True,True,34,70,2,2
0.2,control,control_p0.2_r09,0.01,27.157128906249998,27.157128906249998,27.157128906249998,0.0,27.157128906249998,True,none,8.008566259537293e-17,,0.283084834038329,0.283084834038329,0.283084834038329,True,True,34,70,2,2
0.2,control,control_p0.2_r10,0.01,27.09097222222222,27.09097222222222,27.09097222222222,0.0,27.09097222222222,True,none,8.008566259537293e-17,,0.2827763485884529,0.2827763485884529,0.2827763485884529,True,True,34,70,2,2
0.2,control,control_p0.2_r11,0.01,27.11365017361111,27.11365017361111,27.11365017361111,0.0,27.11365017361111,True,none,8.008566259537293e-17,,0.2791198312210437,0.2791198312210437,0.2791198312210437,True,True,34,70,2,2
0.2,control,control_p0.2_r12,0.01,27.158257378472225,27.158257378472225,27.158257378472225,0.0,27.158257378472225,True,none,0.0,,0.2836779300971178,0.2836779300971178,0.2836779300971178,True,True,34,70,2,2
0.2,control,control_p0.2_r13,0.01,27.099934895833336,27.099934895833336,27.099934895833336,0.0,27.099934895833336,True,none,8.008566259537293e-17,,0.2844822166531733,0.2844822166531733,0.2844822166531733,True,True,34,70,2,2
0.2,control,control_p0.2_r14,0.01,27.05254991319444,27.05254991319444,27.05254991319444,0.0,27.05254991319444,True,none,8.008566259537294e-17,,0.2854046018256205,0.2854046018256205,0.2854046018256205,True,True,34,70,2,2
0.2,control,control_p0.2_r15,0.01,27.129850260416667,27.129850260416667,27.129850260416667,0.0,27.129850260416667,True,none,0.0,,0.2856783492214024,0.2856783492214024,0.2856783492214024,True,True,34,70,2,2
0.2,control,control_p0.2_r16,0.01,27.07121310763889,27.07121310763889,27.07121310763889,0.0,27.07121310763889,True,none,0.0,,0.2876386511016708,0.2876386511016708,0.2876386511016708,True,True,34,70,2,2
0.2,control,control_p0.2_r17,0.01,27.0736328125,27.0736328125,27.0736328125,0.0,27.0736328125,True,none,0.0,,0.2835042204094354,0.2835042204094354,0.2835042204094354,True,True,34,70,2,2
0.2,control,control_p0.2_r18,0.01,27.16296657986111,27.16296657986111,27.16296657986111,0.0,27.16296657986111,True,none,0.0,,0.2855415201079374,0.2855415201079374,0.2855415201079374,True,True,34,70,2,2
0.2,control,control_p0.2_r19,0.01,27.123209635416664,27.123209635416664,27.123209635416664,0.0,27.123209635416664,True,none,0.0,,0.2847763196827141,0.2847763196827141,0.2847763196827141,True,True,34,70,2,2
0.2,selective,selective_p0.2_r00,0.01,32.91200086805556,27.20379774305556,32.91200086805556,5.708203124999997,32.85491883680556,True,none,0.5073316948013016,,0.5073316948013016,0.5073316948013016,0.5073316948013016,True,True,34,70,2,2
0.2,selective,selective_p0.2_r01,0.01,32.85276692708334,27.22817925347222,32.85276692708334,5.624587673611117,32.79652105034722,True,none,0.5040014218199462,,0.5040014218199462,0.5040014218199462,0.5040014218199462,True,True,34,70,2,2
0.2,selective,selective_p0.2_r02,0.01,32.96827256944445,27.217339409722225,32.96827256944445,5.750933159722226,32.91076323784723,True,none,0.5034517423437146,,0.5034517423437146,0.5034517423437146,0.5034517423437146,True,True,34,70,2,2
0.2,selective,selective_p0.2_r03,0.01,32.908658854166674,27.091080729166666,32.908658854166674,5.817578125000008,32.850483072916674,True,none,0.513365855236634,,0.513365855236634,0.513365855236634,0.513365855236634,True,True,34,70,2,2
0.2,selective,selective_p0.2_r04,0.01,32.901171875,27.117122395833334,32.901171875,5.784049479166669,32.84333138020833,True,none,0.5048554895271655,,0.5048554895271655,0.5048554895271655,0.5048554895271655,True,True,34,70,2,2
0.2,selective,selective_p0.2_r05,0.01,32.88248697916667,27.163151041666666,32.88248697916667,5.719335937500006,32.82529361979167,True,none,0.5052484405998896,,0.5052484405998896,0.5052484405998896,0.5052484405998896,True,True,34,70,2,2
0.2,selective,selective_p0.2_r06,0.01,32.91730685763889,27.11515842013889,32.91730685763889,5.802148437500001,32.859285373263894,True,none,0.4994361420602698,,0.4994361420602698,0.4994361420602698,0.4994361420602698,True,True,34,70,2,2
0.2,selective,selective_p0.2_r07,0.01,32.89418402777778,27.138530815972217,32.89418402777778,5.755653211805566,32.83662749565973,True,none,0.5072869805049717,,0.5072869805049717,0.5072869805049717,0.5072869805049717,True,True,34,70,2,2
0.2,selective,selective_p0.2_r08,0.01,32.895627170138894,27.132497829861105,32.895627170138894,5.763129340277789,32.837995876736116,True,none,0.5071973809955317,,0.5071973809955317,0.5071973809955317,0.5071973809955317,True,True,34,70,2,2
0.2,selective,selective_p0.2_r09,0.01,32.88872612847222,27.157183159722226,32.88872612847222,5.731542968749995,32.83141069878472,True,none,0.5050622476035317,,0.5050622476035317,0.5050622476035317,0.5050622476035317,True,True,34,70,2,2
0.2,selective,selective_p0.2_r10,0.01,32.84571397569445,27.16477864583333,32.84571397569445,5.680935329861121,32.78890462239584,True,none,0.5035523719757405,,0.5035523719757405,0.5035523719757405,0.5035523719757405,True,True,34,70,2,2
0.2,selective,selective_p0.2_r11,0.01,32.93321397569444,27.270562065972225,32.93321397569444,5.662651909722218,32.87658745659722,True,none,0.5021427090923165,,0.5021427090923165,0.5021427090923165,0.5021427090923165,True,True,34,70,2,2
0.2,selective,selective_p0.2_r12,0.01,32.925390625000006,27.118055555555554,32.925390625000006,5.807335069444452,32.86731727430556,True,none,0.5054159083559571,,0.5054159083559571,0.5054159083559571,0.5054159083559571,True,True,34,70,2,2
0.2,selective,selective_p0.2_r13,0.01,32.877376302083334,27.184027777777775,32.877376302083334,5.693348524305559,32.82044281684028,True,none,0.5020535178174799,,0.5020535178174799,0.5020535178174799,0.5020535178174799,True,True,34,70,2,2
0.2,selective,selective_p0.2_r14,0.01,32.939453125,27.145225694444445,32.939453125,5.794227430555555,32.88151085069445,True,none,0.5013801917004421,,0.5013801917004421,0.5013801917004421,0.5013801917004421,True,True,34,70,2,2
0.2,selective,selective_p0.2_r15,0.01,32.905783420138896,27.15383029513889,32.905783420138896,5.751953125000007,32.848263888888894,True,none,0.5075691668159583,,0.5075691668159583,0.5075691668159583,0.5075691668159583,True,True,34,70,2,2
0.2,selective,selective_p0.2_r16,0.01,32.864529079861114,27.236284722222223,32.864529079861114,5.628244357638891,32.80824663628473,True,none,0.5035465546379794,,0.5035465546379794,0.5035465546379794,0.5035465546379794,True,True,34,70,2,2
0.2,selective,selective_p0.2_r17,0.01,32.901171874999996,27.198882378472216,32.901171874999996,5.702289496527779,32.84414898003472,True,none,0.5170228568655099,,0.5170228568655099,0.5170228568655099,0.5170228568655099,True,True,34,70,2,2
0.2,selective,selective_p0.2_r18,0.01,32.88559027777778,27.19450954861111,32.88559027777778,5.691080729166671,32.828679470486115,True,none,0.493805821799845,,0.493805821799845,0.493805821799845,0.493805821799845,True,True,34,70,2,2
0.2,selective,selective_p0.2_r19,0.01,32.960058593750006,27.128689236111107,32.960058593750006,5.8313693576388985,32.90174490017362,True,none,0.5032115649095271,,0.5032115649095271,0.5032115649095271,0.5032115649095271,True,True,34,70,2,2
0.3,control,control_p0.3_r00,0.01,27.093478732638886,27.093478732638886,27.093478732638886,0.0,27.093478732638886,True,none,0.0,,0.2855447087520524,0.2855447087520524,0.2855447087520524,True,True,34,70,2,2
0.3,control,control_p0.3_r01,0.01,27.05126953125,27.05126953125,27.05126953125,0.0,27.05126953125,True,none,1.6017132519074586e-16,,0.2880054231947624,0.2880054231947624,0.2880054231947624,True,True,34,70,2,2
0.3,control,control_p0.3_r02,0.01,27.113292100694444,27.113292100694444,27.113292100694444,0.0,27.113292100694444,True,none,8.008566259537293e-17,,0.2869356072721298,0.2869356072721298,0.2869356072721298,True,True,34,70,2,2
0.3,control,control_p0.3_r03,0.01,27.11064453125,27.11064453125,27.11064453125,0.0,27.11064453125,True,none,0.0,,0.2884350245706025,0.2884350245706025,0.2884350245706025,True,True,34,70,2,2
0.3,control,control_p0.3_r04,0.01,27.195084635416666,27.195084635416666,27.195084635416666,0.0,27.195084635416666,True,none,0.0,,0.2866778375093828,0.2866778375093828,0.2866778375093828,True,True,34,70,2,2
0.3,control,control_p0.3_r05,0.01,27.087727864583336,27.087727864583336,27.087727864583336,0.0,27.087727864583336,True,none,0.0,,0.2887141585932232,0.2887141585932232,0.2887141585932232,True,True,34,70,2,2
0.3,control,control_p0.3_r06,0.01,27.111219618055557,27.111219618055557,27.111219618055557,0.0,27.111219618055557,True,none,8.008566259537292e-17,,0.2852828869292402,0.2852828869292402,0.2852828869292402,True,True,34,70,2,2
0.3,control,control_p0.3_r07,0.01,27.16120876736111,27.16120876736111,27.16120876736111,0.0,27.16120876736111,True,none,8.008566259537292e-17,,0.2864952593324647,0.2864952593324647,0.2864952593324647,True,True,34,70,2,2
0.3,control,control_p0.3_r08,0.01,27.166145833333335,27.166145833333335,27.166145833333335,0.0,27.166145833333335,True,none,0.0,,0.2836996219967192,0.2836996219967192,0.2836996219967192,True,True,34,70,2,2
0.3,control,control_p0.3_r09,0.01,27.193543836805556,27.193543836805556,27.193543836805556,0.0,27.193543836805556,True,none,0.0,,0.2822354074390426,0.2822354074390426,0.2822354074390426,True,True,34,70,2,2
0.3,control,control_p0.3_r10,0.01,27.073752170138892,27.073752170138892,27.073752170138892,0.0,27.073752170138892,True,none,0.0,,0.2865560999489062,0.2865560999489062,0.2865560999489062,True,True,34,70,2,2
0.3,control,control_p0.3_r11,0.01,27.08263888888889,27.08263888888889,27.08263888888889,0.0,27.08263888888889,True,none,0.0,,0.285342289109577,0.285342289109577,0.285342289109577,True,True,34,70,2,2
0.3,control,control_p0.3_r12,0.01,27.111827256944444,27.111827256944444,27.111827256944444,0.0,27.111827256944444,True,none,0.0,,0.2834731979507306,0.2834731979507306,0.2834731979507306,True,True,34,70,2,2
0.3,control,control_p0.3_r13,0.01,27.10929904513889,27.10929904513889,27.10929904513889,0.0,27.10929904513889,True,none,0.0,,0.2864433062209038,0.2864433062209038,0.2864433062209038,True,True,34,70,2,2
0.3,control,control_p0.3_r14,0.01,27.15018446180556,27.15018446180556,27.15018446180556,0.0,27.15018446180556,True,none,0.0,,0.2819012926346946,0.2819012926346946,0.2819012926346946,True,True,34,70,2,2
0.3,control,control_p0.3_r15,0.01,27.10017361111111,27.10017361111111,27.10017361111111,0.0,27.10017361111111,True,none,0.0,,0.2836514175960704,0.2836514175960704,0.2836514175960704,True,True,34,70,2,2
0.3,control,control_p0.3_r16,0.01,27.060763888888893,27.060763888888893,27.060763888888893,0.0,27.060763888888893,True,none,8.008566259537293e-17,,0.2844131451967246,0.2844131451967246,0.2844131451967246,True,True,34,70,2,2
0.3,control,control_p0.3_r17,0.01,27.127300347222224,27.127300347222224,27.127300347222224,0.0,27.127300347222224,True,none,0.0,,0.2815364840754112,0.2815364840754112,0.2815364840754112,True,True,34,70,2,2
0.3,control,control_p0.3_r18,0.01,27.099381510416663,27.099381510416663,27.099381510416663,0.0,27.099381510416663,True,none,0.0,,0.2855943550929248,0.2855943550929248,0.2855943550929248,True,True,34,70,2,2
0.3,control,control_p0.3_r19,0.01,27.144596354166666,27.144596354166666,27.144596354166666,0.0,27.144596354166666,True,none,0.0,,0.286065914237919,0.286065914237919,0.286065914237919,True,True,34,70,2,2
0.3,selective,selective_p0.3_r00,0.01,32.934320746527774,27.22350260416666,32.934320746527774,5.710818142361113,32.877212565104166,True,none,0.5009100689755013,,0.5009100689755013,0.5009100689755013,0.5009100689755013,True,True,34,70,2,2
0.3,selective,selective_p0.3_r01,0.01,32.96225043402778,27.19551866319444,32.96225043402778,5.7667317708333385,32.90458311631944,True,none,0.5053413848406845,,0.5053413848406845,0.5053413848406845,0.5053413848406845,True,True,34,70,2,2
0.3,selective,selective_p0.3_r02,0.01,32.95551215277778,27.170171440972222,32.95551215277778,5.785340711805556,32.897658745659726,True,none,0.4934907487853759,,0.4934907487853759,0.4934907487853759,0.4934907487853759,True,True,34,70,2,2
0.3,selective,selective_p0.3_r03,0.01,32.87826605902778,27.158799913194443,32.87826605902778,5.719466145833337,32.82107139756945,True,none,0.4963476750712892,,0.4963476750712892,0.4963476750712892,0.4963476750712892,True,True,34,70,2,2
0.3,selective,selective_p0.3_r04,0.01,32.949641927083334,27.17362196180556,32.949641927083334,5.776019965277776,32.89188172743056,True,none,0.5008560146820458,,0.5008560146820458,0.5008560146820458,0.5008560146820458,True,True,34,70,2,2
0.3,selective,selective_p0.3_r05,0.01,32.87854817708334,27.211566840277776,32.87854817708334,5.666981336805563,32.821878363715285,True,none,0.5083885529440498,,0.5083885529440498,0.5083885529440498,0.5083885529440498,True,True,34,70,2,2
0.3,selective,selective_p0.3_r06,0.01,32.85197482638889,27.155772569444444,32.85197482638889,5.696202256944446,32.795012803819446,True,none,0.505072519775225,,0.505072519775225,0.505072519775225,0.505072519775225,True,True,34,70,2,2
0.3,selective,selective_p0.3_r07,0.01,32.89530164930555,27.176161024305557,32.89530164930555,5.719140624999994,32.83811024305555,True,none,0.5028459186661257,,0.5028459186661257,0.5028459186661257,0.5028459186661257,True,True,34,70,2,2
0.3,selective,selective_p0.3_r08,0.01,32.96351996527777,27.231618923611116,32.96351996527777,5.731901041666653,32.9062009548611,True,none,0.4998351512438421,,0.4998351512438421,0.4998351512438421,0.4998351512438421,True,True,34,70,2,2
0.3,selective,selective_p0.3_r09,0.01,32.89385850694444,27.28305121527778,32.89385850694444,5.61080729166666,32.837750434027775,True,none,0.493705339454756,,0.493705339454756,0.493705339454756,0.493705339454756,True,True,34,70,2,2
0.3,selective,selective_p0.3_r10,0.01,32.86865234375,27.18427734375,32.86865234375,5.684374999999999,32.81180859375,True,none,0.5034812370359653,,0.5034812370359653,0.5034812370359653,0.5034812370359653,True,True,34,70,2,2
0.3,selective,selective_p0.3_r11,0.01,32.88636067708334,27.11066623263889,32.88636067708334,5.775694444444447,32.828603732638896,True,none,0.5009043368866473,,0.5009043368866473,0.5009043368866473,0.5009043368866473,True,True,34,70,2,2
0.3,selective,selective_p0.3_r12,0.01,32.93501519097222,27.217350260416666,32.93501519097222,5.717664930555557,32.87783854166667,True,none,0.4971872957073625,,0.4971872957073625,0.4971872957073625,0.4971872957073625,True,True,34,70,2,2
0.3,selective,selective_p0.3_r13,0.01,32.83857421875,27.145833333333336,32.83857421875,5.6927408854166615,32.78164680989583,True,none,0.5046342146318683,,0.5046342146318683,0.5046342146318683,0.5046342146318683,True,True,34,70,2,2
0.3,selective,selective_p0.3_r14,0.01,32.983669704861114,27.11430121527777,32.983669704861114,5.869368489583344,32.92497601996528,True,none,0.5049528823488953,,0.5049528823488953,0.5049528823488953,0.5049528823488953,True,True,34,70,2,2
0.3,selective,selective_p0.3_r15,0.01,32.92643229166667,27.17341579861111,32.92643229166667,5.753016493055561,32.86890212673612,True,none,0.5052026597792246,,0.5052026597792246,0.5052026597792246,0.5052026597792246,True,True,34,70,2,2
0.3,selective,selective_p0.3_r16,0.01,32.91858723958334,27.26449652777778,32.91858723958334,5.6540907118055586,32.86204633246528,True,none,0.5009547451078883,,0.5009547451078883,0.5009547451078883,0.5009547451078883,True,True,34,70,2,2
0.3,selective,selective_p0.3_r17,0.01,32.98212890625,27.188975694444444,32.98212890625,5.793153211805553,32.92419737413194,True,none,0.507081642513346,,0.507081642513346,0.507081642513346,0.507081642513346,True,True,34,70,2,2
0.3,selective,selective_p0.3_r18,0.01,32.934168836805554,27.188791232638888,32.934168836805554,5.745377604166666,32.876715060763885,True,none,0.4966924618751395,,0.4966924618751395,0.4966924618751395,0.4966924618751395,True,True,34,70,2,2
0.3,selective,selective_p0.3_r19,0.01,32.96746961805556,27.19037543402778,32.96746961805556,5.777094184027781,32.909698676215285,True,none,0.5041809036664426,,0.5041809036664426,0.5041809036664426,0.5041809036664426,True,True,34,70,2,2
0.4,control,control_p0.4_r00,0.01,27.113368055555554,27.113368055555554,27.113368055555554,0.0,27.113368055555554,True,none,0.0,,0.2866444420180509,0.2866444420180509,0.2866444420180509,True,True,34,70,2,2
0.4,control,control_p0.4_r01,0.01,27.15106336805556,27.15106336805556,27.15106336805556,0.0,27.15106336805556,True,none,8.008566259537293e-17,,0.2884396378555713,0.2884396378555713,0.2884396378555713,True,True,34,70,2,2
0.4,control,control_p0.4_r02,0.01,27.130186631944444,27.130186631944444,27.130186631944444,0.0,27.130186631944444,True,none,8.008566259537293e-17,,0.287009116662667,0.287009116662667,0.287009116662667,True,True,34,70,2,2
0.4,control,control_p0.4_r03,0.01,27.26279296875,27.26279296875,27.26279296875,0.0,27.26279296875,True,none,0.0,,0.2824077433098458,0.2824077433098458,0.2824077433098458,True,True,34,70,2,2
0.4,control,control_p0.4_r04,0.01,27.17783203125,27.17783203125,27.17783203125,0.0,27.17783203125,True,none,0.0,,0.2878470473574624,0.2878470473574624,0.2878470473574624,True,True,34,70,2,2
0.4,control,control_p0.4_r05,0.01,27.166319444444447,27.166319444444447,27.166319444444447,0.0,27.166319444444447,True,none,8.008566259537292e-17,,0.2839841272290866,0.2839841272290866,0.2839841272290866,True,True,34,70,2,2
0.4,control,control_p0.4_r06,0.01,27.207378472222228,27.207378472222228,27.207378472222228,0.0,27.207378472222228,True,none,0.0,,0.2863159956478522,0.2863159956478522,0.2863159956478522,True,True,34,70,2,2
0.4,control,control_p0.4_r07,0.01,27.105609809027776,27.105609809027776,27.105609809027776,0.0,27.105609809027776,True,none,0.0,,0.2860084934028754,0.2860084934028754,0.2860084934028754,True,True,34,70,2,2
0.4,control,control_p0.4_r08,0.01,27.13420138888889,27.13420138888889,27.13420138888889,0.0,27.13420138888889,True,none,1.6017132519074586e-16,,0.2873414396885843,0.2873414396885843,0.2873414396885843,True,True,34,70,2,2
0.4,control,control_p0.4_r09,0.01,27.16857638888889,27.16857638888889,27.16857638888889,0.0,27.16857638888889,True,none,0.0,,0.2864530359727463,0.2864530359727463,0.2864530359727463,True,True,34,70,2,2
0.4,control,control_p0.4_r10,0.01,27.170128038194445,27.170128038194445,27.170128038194445,0.0,27.170128038194445,True,none,0.0,,0.2855679293140604,0.2855679293140604,0.2855679293140604,True,True,34,70,2,2
0.4,control,control_p0.4_r11,0.01,27.231770833333332,27.231770833333332,27.231770833333332,0.0,27.231770833333332,True,none,0.0,,0.2805441179119716,0.2805441179119716,0.2805441179119716,True,True,34,70,2,2
0.4,control,control_p0.4_r12,0.01,27.120909288194444,27.120909288194444,27.120909288194444,0.0,27.120909288194444,True,none,0.0,,0.2855298858217798,0.2855298858217798,0.2855298858217798,True,True,34,70,2,2
0.4,control,control_p0.4_r13,0.01,27.119314236111116,27.119314236111116,27.119314236111116,0.0,27.119314236111116,True,none,0.0,,0.2886858785038689,0.2886858785038689,0.2886858785038689,True,True,34,70,2,2
0.4,control,control_p0.4_r14,0.01,27.094433593749997,27.094433593749997,27.094433593749997,0.0,27.094433593749997,True,none,0.0,,0.2840753834563175,0.2840753834563175,0.2840753834563175,True,True,34,70,2,2
0.4,control,control_p0.4_r15,0.01,27.131521267361116,27.131521267361116,27.131521267361116,0.0,27.131521267361116,True,none,0.0,,0.2820490969702867,0.2820490969702867,0.2820490969702867,True,True,34,70,2,2
0.4,control,control_p0.4_r16,0.01,27.14725477430556,27.14725477430556,27.14725477430556,0.0,27.14725477430556,True,none,0.0,,0.2796583832509396,0.2796583832509396,0.2796583832509396,True,True,34,70,2,2
0.4,control,control_p0.4_r17,0.01,27.058148871527777,27.058148871527777,27.058148871527777,0.0,27.058148871527777,True,none,0.0,,0.2835114699569602,0.2835114699569602,0.2835114699569602,True,True,34,70,2,2
0.4,control,control_p0.4_r18,0.01,27.13748914930556,27.13748914930556,27.13748914930556,0.0,27.13748914930556,True,none,0.0,,0.2880523781234337,0.2880523781234337,0.2880523781234337,True,True,34,70,2,2
0.4,control,control_p0.4_r19,0.01,27.143033854166674,27.143033854166674,27.143033854166674,0.0,27.143033854166674,True,none,8.008566259537292e-17,,0.2830534136811934,0.2830534136811934,0.2830534136811934,True,True,34,70,2,2
0.4,selective,selective_p0.4_r00,0.01,32.96684027777778,27.242220052083336,32.96684027777778,5.724620225694441,32.909594075520836,True,none,0.5000384530155244,,0.5000384530155244,0.5000384530155244,0.5000384530155244,True,True,34,70,2,2
0.4,selective,selective_p0.4_r01,0.01,32.96859809027778,27.232020399305558,32.96859809027778,5.736577690972222,32.91123231336806,True,none,0.5015826434855029,,0.5015826434855029,0.5015826434855029,0.5015826434855029,True,True,34,70,2,2
0.4,selective,selective_p0.4_r02,0.01,32.96899956597222,27.18318142361111,32.96899956597222,5.785818142361109,32.91114138454861,True,none,0.4997046501013922,,0.4997046501013922,0.4997046501013922,0.4997046501013922,True,True,34,70,2,2
0.4,selective,selective_p0.4_r03,0.01,32.925314670138896,27.199414062499997,32.925314670138896,5.7259006076388985,32.86805566406251,True,none,0.498570304480336,,0.498570304480336,0.498570304480336,0.498570304480336,True,True,34,70,2,2
0.4,selective,selective_p0.4_r04,0.01,32.89682074652778,27.22112630208334,32.89682074652778,5.675694444444439,32.840063802083336,True,none,0.5007952779906494,,0.5007952779906494,0.5007952779906494,0.5007952779906494,True,True,34,70,2,2
0.4,selective,selective_p0.4_r05,0.01,32.96497395833333,27.198849826388887,32.96497395833333,5.766124131944444,32.90731271701389,True,none,0.5000342287665135,,0.5000342287665135,0.5000342287665135,0.5000342287665135,True,True,34,70,2,2
0.4,selective,selective_p0.4_r06,0.01,32.97093098958332,27.210655381944445,32.97093098958332,5.760275607638878,32.91332823350693,True,none,0.5016961679335439,,0.5016961679335439,0.5016961679335439,0.5016961679335439,True,True,34,70,2,2
0.4,selective,selective_p0.4_r07,0.01,32.79521484375,27.163791232638886,32.79521484375,5.631423611111117,32.73890060763889,True,none,0.5051280582065288,,0.5051280582065288,0.5051280582065288,0.5051280582065288,True,True,34,70,2,2
0.4,selective,selective_p0.4_r08,0.01,33.02765842013889,27.24658203125,33.02765842013889,5.781076388888891,32.96984765625,True,none,0.5008397149679941,,0.5008397149679941,0.5008397149679941,0.5008397149679941,True,True,34,70,2,2
0.4,selective,selective_p0.4_r09,0.01,32.91426866319445,27.14284939236111,32.91426866319445,5.771419270833338,32.85655447048612,True,none,0.5022070042415285,,0.5022070042415285,0.5022070042415285,0.5022070042415285,True,True,34,70,2,2
0.4,selective,selective_p0.4_r10,0.01,32.91955295138888,27.185015190972223,32.91955295138888,5.734537760416657,32.862207573784715,True,none,0.5033226730523883,,0.5033226730523883,0.5033226730523883,0.5033226730523883,True,True,34,70,2,2
0.4,selective,selective_p0.4_r11,0.01,32.90541449652778,27.08501519097222,32.90541449652778,5.820399305555561,32.847210503472226,True,none,0.5031380747341833,,0.5031380747341833,0.5031380747341833,0.5031380747341833,True,True,34,70,2,2
0.4,selective,selective_p0.4_r12,0.01,32.85762803819445,27.269010416666667,32.85762803819445,5.588617621527781,32.801741861979174,True,none,0.4963472599483729,,0.4963472599483729,0.4963472599483729,0.4963472599483729,True,True,34,70,2,2
0.4,selective,selective_p0.4_r13,0.01,32.91370442708333,27.13805338541667,32.91370442708333,5.775651041666663,32.855947916666665,True,none,0.50431892492995,,0.50431892492995,0.50431892492995,0.50431892492995,True,True,34,70,2,2
0.4,selective,selective_p0.4_r14,0.01,32.9395290798611,27.08918185763889,32.9395290798611,5.8503472222222115,32.88102560763888,True,none,0.4931037403536016,,0.4931037403536016,0.4931037403536016,0.4931037403536016,True,True,34,70,2,2
0.4,selective,selective_p0.4_r15,0.01,32.97406684027778,27.1181640625,32.97406684027778,5.855902777777779,32.9155078125,True,none,0.5098090658653112,,0.5098090658653112,0.5098090658653112,0.5098090658653112,True,True,34,70,2,2
0.4,selective,selective_p0.4_r16,0.01,32.84742838541666,27.101953125,32.84742838541666,5.7454752604166615,32.7899736328125,True,none,0.506590177420593,,0.506590177420593,0.506590177420593,0.506590177420593,True,True,34,70,2,2
0.4,selective,selective_p0.4_r17,0.01,32.89471571180556,27.107291666666665,32.89471571180556,5.787424045138895,32.83684147135417,True,none,0.5067763130227809,,0.5067763130227809,0.5067763130227809,0.5067763130227809,True,True,34,70,2,2
0.4,selective,selective_p0.4_r18,0.01,32.93254123263888,27.156336805555554,32.93254123263888,5.776204427083329,32.87477918836805,True,none,0.506297236631271,,0.506297236631271,0.506297236631271,0.506297236631271,True,True,34,70,2,2
0.4,selective,selective_p0.4_r19,0.01,32.913975694444446,27.233854166666664,32.913975694444446,5.680121527777782,32.857174479166666,True,none,0.4968853320596617,,0.4968853320596617,0.4968853320596617,0.4968853320596617,True,True,34,70,2,2
0.5,control,control_p0.5_r00,0.01,27.156217447916667,27.156217447916667,27.156217447916667,0.0,27.156217447916667,True,none,8.008566259537293e-17,,0.2814256721659686,0.2814256721659686,0.2814256721659686,True,True,34,70,2,2
0.5,control,control_p0.5_r01,0.01,27.088823784722223,27.088823784722223,27.088823784722223,0.0,27.088823784722223,True,none,0.0,,0.2808753568264481,0.2808753568264481,0.2808753568264481,True,True,34,70,2,2
0.5,control,control_p0.5_r02,0.01,27.192838541666667,27.192838541666667,27.192838541666667,0.0,27.192838541666667,True,none,8.008566259537294e-17,,0.2825371856225402,0.2825371856225402,0.2825371856225402,True,True,34,70,2,2
0.5,control,control_p0.5_r03,0.01,27.22134331597222,27.22134331597222,27.22134331597222,0.0,27.22134331597222,True,none,0.0,,0.2813859773969732,0.2813859773969732,0.2813859773969732,True,True,34,70,2,2
0.5,control,control_p0.5_r04,0.01,27.12862413194444,27.12862413194444,27.12862413194444,0.0,27.12862413194444,True,none,0.0,,0.280855977604554,0.280855977604554,0.280855977604554,True,True,34,70,2,2
0.5,control,control_p0.5_r05,0.01,27.1146484375,27.1146484375,27.1146484375,0.0,27.1146484375,True,none,8.008566259537293e-17,,0.2837536175314655,0.2837536175314655,0.2837536175314655,True,True,34,70,2,2
0.5,control,control_p0.5_r06,0.01,27.07331814236111,27.07331814236111,27.07331814236111,0.0,27.07331814236111,True,none,8.008566259537293e-17,,0.2843465850466541,0.2843465850466541,0.2843465850466541,True,True,34,70,2,2
0.5,control,control_p0.5_r07,0.01,27.13106553819444,27.13106553819444,27.13106553819444,0.0,27.13106553819444,True,none,8.008566259537293e-17,,0.2787364357531917,0.2787364357531917,0.2787364357531917,True,True,34,70,2,2
0.5,control,control_p0.5_r08,0.01,27.020746527777778,27.020746527777778,27.020746527777778,0.0,27.020746527777778,True,none,0.0,,0.2807700814002323,0.2807700814002323,0.2807700814002323,True,True,34,70,2,2
0.5,control,control_p0.5_r09,0.01,27.129850260416667,27.129850260416667,27.129850260416667,0.0,27.129850260416667,True,none,0.0,,0.2874993098815414,0.2874993098815414,0.2874993098815414,True,True,34,70,2,2
0.5,control,control_p0.5_r10,0.01,27.080815972222226,27.080815972222226,27.080815972222226,0.0,27.080815972222226,True,none,0.0,,0.2767569986631283,0.2767569986631283,0.2767569986631283,True,True,34,70,2,2
0.5,control,control_p0.5_r11,0.01,27.164463975694446,27.164463975694446,27.164463975694446,0.0,27.164463975694446,True,none,0.0,,0.2835435179931879,0.2835435179931879,0.2835435179931879,True,True,34,70,2,2
0.5,control,control_p0.5_r12,0.01,27.10364583333333,27.10364583333333,27.10364583333333,0.0,27.10364583333333,True,none,0.0,,0.2809408565459767,0.2809408565459767,0.2809408565459767,True,True,34,70,2,2
0.5,control,control_p0.5_r13,0.01,27.127907986111108,27.127907986111108,27.127907986111108,0.0,27.127907986111108,True,none,0.0,,0.2764906511217285,0.2764906511217285,0.2764906511217285,True,True,34,70,2,2
0.5,control,control_p0.5_r14,0.01,27.141015624999998,27.141015624999998,27.141015624999998,0.0,27.141015624999998,True,none,0.0,,0.2806093365215695,0.2806093365215695,0.2806093365215695,True,True,34,70,2,2
0.5,control,control_p0.5_r15,0.01,27.14913194444445,27.14913194444445,27.14913194444445,0.0,27.14913194444445,True,none,0.0,,0.2807884668653291,0.2807884668653291,0.2807884668653291,True,True,34,70,2,2
0.5,control,control_p0.5_r16,0.01,27.025499131944443,27.025499131944443,27.025499131944443,0.0,27.025499131944443,True,none,0.0,,0.2855923487030935,0.2855923487030935,0.2855923487030935,True,True,34,70,2,2
0.5,control,control_p0.5_r17,0.01,27.160264756944443,27.160264756944443,27.160264756944443,0.0,27.160264756944443,True,none,0.0,,0.2804347841993785,0.2804347841993785,0.2804347841993785,True,True,34,70,2,2
0.5,control,control_p0.5_r18,0.01,27.122417534722224,27.122417534722224,27.122417534722224,0.0,27.122417534722224,True,none,0.0,,0.2774131047587544,0.2774131047587544,0.2774131047587544,True,True,34,70,2,2
0.5,control,control_p0.5_r19,0.01,27.16704644097222,27.16704644097222,27.16704644097222,0.0,27.16704644097222,True,none,0.0,,0.2796241845402984,0.2796241845402984,0.2796241845402984,True,True,34,70,2,2
0.5,selective,selective_p0.5_r00,0.01,32.920345052083334,27.23606770833333,32.920345052083334,5.684277343750004,32.86350227864583,True,none,0.4899451722480302,,0.4899451722480302,0.4899451722480302,0.4899451722480302,True,True,34,70,2,2
0.5,selective,selective_p0.5_r01,0.01,32.90786675347222,27.123621961805554,32.90786675347222,5.784244791666666,32.85002430555555,True,none,0.5066318694768807,,0.5066318694768807,0.5066318694768807,0.5066318694768807,True,True,34,70,2,2
0.5,selective,selective_p0.5_r02,0.01,32.87357855902778,27.179210069444444,32.87357855902778,5.694368489583333,32.81663487413194,True,none,0.5034195782425271,,0.5034195782425271,0.5034195782425271,0.5034195782425271,True,True,34,70,2,2
0.5,selective,selective_p0.5_r03,0.01,33.01685112847222,27.15059678819444,33.01685112847222,5.866254340277777,32.95818858506944,True,none,0.5075771575613643,,0.5075771575613643,0.5075771575613643,0.5075771575613643,True,True,34,70,2,2
0.5,selective,selective_p0.5_r04,0.01,32.98326822916667,27.129720052083336,32.98326822916667,5.853548177083333,32.924732747395836,True,none,0.50936495562291,,0.50936495562291,0.50936495562291,0.50936495562291,True,True,34,70,2,2
0.5,selective,selective_p0.5_r05,0.01,32.94475911458333,27.241124131944446,32.94475911458333,5.7036349826388815,32.88772276475694,True,none,0.5067270524413203,,0.5067270524413203,0.5067270524413203,0.5067270524413203,True,True,34,70,2,2
0.5,selective,selective_p0.5_r06,0.01,32.96256510416667,27.125455729166667,32.96256510416667,5.837109375000004,32.904194010416674,True,none,0.5035195359601644,,0.5035195359601644,0.5035195359601644,0.5035195359601644,True,True,34,70,2,2
0.5,selective,selective_p0.5_r07,0.01,32.969965277777774,27.17631293402778,32.969965277777774,5.793652343749994,32.91202875434028,True,none,0.504851766191842,,0.504851766191842,0.504851766191842,0.504851766191842,True,True,34,70,2,2
0.5,selective,selective_p0.5_r08,0.01,33.00583767361111,27.19919704861111,33.00583767361111,5.806640625,32.94777126736111,True,none,0.5040761087830574,,0.5040761087830574,0.5040761087830574,0.5040761087830574,True,True,34,70,2,2
0.5,selective,selective_p0.5_r09,0.01,32.903873697916666,27.219911024305556,32.903873697916666,5.683962673611109,32.84703407118055,True,none,0.4969629853812126,,0.4969629853812126,0.4969629853812126,0.4969629853812126,True,True,34,70,2,2
0.5,selective,selective_p0.5_r10,0.01,33.08347439236111,27.24057074652778,33.08347439236111,5.842903645833331,33.025045355902776,True,none,0.5061432164421161,,0.5061432164421161,0.5061432164421161,0.5061432164421161,True,True,34,70,2,2
0.5,selective,selective_p0.5_r11,0.01,33.048611111111114,27.182269965277783,33.048611111111114,5.866341145833331,32.98994769965278,True,none,0.4911147851348171,,0.4911147851348171,0.4911147851348171,0.4911147851348171,True,True,34,70,2,2
0.5,selective,selective_p0.5_r12,0.01,32.95456814236111,27.218489583333334,32.95456814236111,5.736078559027778,32.897207356770835,True,none,0.5006552484891724,,0.5006552484891724,0.5006552484891724,0.5006552484891724,True,True,34,70,2,2
0.5,selective,selective_p0.5_r13,0.01,32.973752170138894,27.19233940972222,32.973752170138894,5.781412760416675,32.91593804253473,True,none,0.502835177948873,,0.502835177948873,0.502835177948873,0.502835177948873,True,True,34,70,2,2
0.5,selective,selective_p0.5_r14,0.01,32.89434678819444,27.218120659722217,32.89434678819444,5.676226128472223,32.837584526909716,True,none,0.5061162192481686,,0.5061162192481686,0.5061162192481686,0.5061162192481686,True,True,34,70,2,2
0.5,selective,selective_p0.5_r15,0.01,32.92938368055556,27.178797743055554,32.92938368055556,5.750585937500006,32.87187782118056,True,none,0.5051485250375735,,0.5051485250375735,0.5051485250375735,0.5051485250375735,True,True,34,70,2,2
0.5,selective,selective_p0.5_r16,0.01,32.997135416666666,27.255251736111113,32.997135416666666,5.741883680555553,32.93971657986111,True,none,0.5017544278062035,,0.5017544278062035,0.5017544278062035,0.5017544278062035,True,True,34,70,2,2
0.5,selective,selective_p0.5_r17,0.01,32.91678602430555,27.23071831597222,32.91678602430555,5.686067708333333,32.859925347222216,True,none,0.5033713749055536,,0.5033713749055536,0.5033713749055536,0.5033713749055536,True,True,34,70,2,2
0.5,selective,selective_p0.5_r18,0.01,32.868739149305554,27.14682074652778,32.868739149305554,5.721918402777774,32.811519965277775,True,none,0.5046281638224756,,0.5046281638224756,0.5046281638224756,0.5046281638224756,True,True,34,70,2,2
0.5,selective,selective_p0.5_r19,0.01,32.84408637152778,27.161653645833333,32.84408637152778,5.682432725694447,32.78726204427083,True,none,0.5062993856859751,,0.5062993856859751,0.5062993856859751,0.5062993856859751,True,True,34,70,2,2
0.6,control,control_p0.6_r00,0.01,27.108517795138887,27.108517795138887,27.108517795138887,0.0,27.108517795138887,True,none,0.0,,0.2828384383027227,0.2828384383027227,0.2828384383027227,True,True,34,70,2,2
0.6,control,control_p0.6_r01,0.01,27.150694444444444,27.150694444444444,27.150694444444444,0.0,27.150694444444444,True,none,8.008566259537293e-17,,0.2776128835421032,0.2776128835421032,0.2776128835421032,True,True,34,70,2,2
0.6,control,control_p0.6_r02,0.01,27.189301215277776,27.189301215277776,27.189301215277776,0.0,27.189301215277776,True,none,8.008566259537292e-17,,0.2788652397409966,0.2788652397409966,0.2788652397409966,True,True,34,70,2,2
0.6,control,control_p0.6_r03,0.01,27.19621310763889,27.19621310763889,27.19621310763889,0.0,27.19621310763889,True,none,8.008566259537293e-17,,0.2777532961892586,0.2777532961892586,0.2777532961892586,True,True,34,70,2,2
0.6,control,control_p0.6_r04,0.01,27.104405381944446,27.104405381944446,27.104405381944446,0.0,27.104405381944446,True,none,8.008566259537292e-17,,0.2830934784090932,0.2830934784090932,0.2830934784090932,True,True,34,70,2,2
0.6,control,control_p0.6_r05,0.01,27.025423177083333,27.025423177083333,27.025423177083333,0.0,27.025423177083333,True,none,8.008566259537293e-17,,0.2840329711692123,0.2840329711692123,0.2840329711692123,True,True,34,70,2,2
0.6,control,control_p0.6_r06,0.01,27.136881510416664,27.136881510416664,27.136881510416664,0.0,27.136881510416664,True,none,0.0,,0.2751806767322916,0.2751806767322916,0.2751806767322916,True,True,34,70,2,2
0.6,control,control_p0.6_r07,0.01,27.071625434027776,27.071625434027776,27.071625434027776,0.0,27.071625434027776,True,none,0.0,,0.2762104960842343,0.2762104960842343,0.2762104960842343,True,True,34,70,2,2
0.6,control,control_p0.6_r08,0.01,27.189561631944446,27.189561631944446,27.189561631944446,0.0,27.189561631944446,True,none,0.0,,0.2830421267484277,0.2830421267484277,0.2830421267484277,True,True,34,70,2,2
0.6,control,control_p0.6_r09,0.01,27.111859809027784,27.111859809027784,27.111859809027784,0.0,27.111859809027784,True,none,0.0,,0.2817259995658989,0.2817259995658989,0.2817259995658989,True,True,34,70,2,2
0.6,control,control_p0.6_r10,0.01,27.13576388888889,27.13576388888889,27.13576388888889,0.0,27.13576388888889,True,none,0.0,,0.27806917165216,0.27806917165216,0.27806917165216,True,True,34,70,2,2
0.6,control,control_p0.6_r11,0.01,27.181944444444444,27.181944444444444,27.181944444444444,0.0,27.181944444444444,True,none,0.0,,0.2780554136048626,0.2780554136048626,0.2780554136048626,True,True,34,70,2,2
0.6,control,control_p0.6_r12,0.01,27.11119791666666,27.11119791666666,27.11119791666666,0.0,27.11119791666666,True,none,0.0,,0.2792038825442683,0.2792038825442683,0.2792038825442683,True,True,34,70,2,2
0.6,control,control_p0.6_r13,0.01,27.088378906250004,27.088378906250004,27.088378906250004,0.0,27.088378906250004,True,none,0.0,,0.2792545217941642,0.2792545217941642,0.2792545217941642,True,True,34,70,2,2
0.6,control,control_p0.6_r14,0.01,27.100325520833337,27.100325520833337,27.100325520833337,0.0,27.100325520833337,True,none,8.008566259537293e-17,,0.2784163967330324,0.2784163967330324,0.2784163967330324,True,True,34,70,2,2
0.6,control,control_p0.6_r15,0.01,27.067003038194443,27.067003038194443,27.067003038194443,0.0,27.067003038194443,True,none,0.0,,0.2849152127859949,0.2849152127859949,0.2849152127859949,True,True,34,70,2,2
0.6,control,control_p0.6_r16,0.01,27.14620225694445,27.14620225694445,27.14620225694445,0.0,27.14620225694445,True,none,0.0,,0.2761291906185135,0.2761291906185135,0.2761291906185135,True,True,34,70,2,2
0.6,control,control_p0.6_r17,0.01,27.154991319444445,27.154991319444445,27.154991319444445,0.0,27.154991319444445,True,none,0.0,,0.2823421261283991,0.2823421261283991,0.2823421261283991,True,True,34,70,2,2
0.6,control,control_p0.6_r18,0.01,27.15265842013889,27.15265842013889,27.15265842013889,0.0,27.15265842013889,True,none,8.008566259537292e-17,,0.2773044538476152,0.2773044538476152,0.2773044538476152,True,True,34,70,2,2
0.6,control,control_p0.6_r19,0.01,27.056282552083335,27.056282552083335,27.056282552083335,0.0,27.056282552083335,True,none,8.008566259537293e-17,,0.2823854609130015,0.2823854609130015,0.2823854609130015,True,True,34,70,2,2
0.6,selective,selective_p0.6_r00,0.01,33.059971788194446,27.19907769097222,33.059971788194446,5.860894097222225,33.001362847222225,True,none,0.4915297318819644,,0.4915297318819644,0.4915297318819644,0.4915297318819644,True,True,34,70,2,2
0.6,selective,selective_p0.6_r01,0.01,32.925900607638894,27.146419270833334,32.925900607638894,5.77948133680556,32.86810579427084,True,none,0.501328879727261,,0.501328879727261,0.501328879727261,0.501328879727261,True,True,34,70,2,2
0.6,selective,selective_p0.6_r02,0.01,32.90830078125,27.12554253472222,32.90830078125,5.782758246527777,32.85047319878472,True,none,0.4959245984786272,,0.4959245984786272,0.4959245984786272,0.4959245984786272,True,True,34,70,2,2
0.6,selective,selective_p0.6_r03,0.01,32.924587673611114,27.14656032986111,32.924587673611114,5.778027343750004,32.86680740017361,True,none,0.5059418219866118,,0.5059418219866118,0.5059418219866118,0.5059418219866118,True,True,34,70,2,2
0.6,selective,selective_p0.6_r04,0.01,33.011067708333336,27.13170572916666,33.011067708333336,5.879361979166674,32.95227408854167,True,none,0.4965638827955787,,0.4965638827955787,0.4965638827955787,0.4965638827955787,True,True,34,70,2,2
0.6,selective,selective_p0.6_r05,0.01,32.962717013888884,27.26284722222222,32.962717013888884,5.699869791666664,32.905718315972216,True,none,0.4991907225607872,,0.4991907225607872,0.4991907225607872,0.4991907225607872,True,True,34,70,2,2
0.6,selective,selective_p0.6_r06,0.01,32.98869357638888,27.227018229166667,32.98869357638888,5.761675347222216,32.93107682291666,True,none,0.5110862418542963,,0.5110862418542963,0.5110862418542963,0.5110862418542963,True,True,34,70,2,2
0.6,selective,selective_p0.6_r07,0.01,32.90233289930555,27.232617187500004,32.90233289930555,5.669715711805544,32.84563574218749,True,none,0.4895322714654087,,0.4895322714654087,0.4895322714654087,0.4895322714654087,True,True,34,70,2,2
0.6,selective,selective_p0.6_r08,0.01,32.94801432291666,27.22275390625,32.94801432291666,5.725260416666664,32.89076171875,True,none,0.4976366925835837,,0.4976366925835837,0.4976366925835837,0.4976366925835837,True,True,34,70,2,2
0.6,selective,selective_p0.6_r09,0.01,32.93225911458333,27.228917100694446,32.93225911458333,5.703342013888886,32.875225694444445,True,none,0.5041776500004904,,0.5041776500004904,0.5041776500004904,0.5041776500004904,True,True,34,70,2,2
0.6,selective,selective_p0.6_r10,0.01,32.90692274305556,27.226312934027778,32.90692274305556,5.680609809027782,32.85011664496528,True,none,0.5064273219258564,,0.5064273219258564,0.5064273219258564,0.5064273219258564,True,True,34,70,2,2
0.6,selective,selective_p0.6_r11,0.01,33.06282552083333,27.212141927083334,33.06282552083333,5.850683593749995,33.00431868489583,True,none,0.4944946314673031,,0.4944946314673031,0.4944946314673031,0.4944946314673031,True,True,34,70,2,2
0.6,selective,selective_p0.6_r12,0.01,32.928168402777786,27.185004340277775,32.928168402777786,5.743164062500011,32.87073676215279,True,none,0.5062448644068615,,0.5062448644068615,0.5062448644068615,0.5062448644068615,True,True,34,70,2,2
0.6,selective,selective_p0.6_r13,0.01,32.82078993055556,27.148611111111112,32.82078993055556,5.672178819444451,32.76406814236112,True,none,0.496291755883553,,0.496291755883553,0.496291755883553,0.496291755883553,True,True,34,70,2,2
0.6,selective,selective_p0.6_r14,0.01,32.953526475694446,27.237076822916666,32.953526475694446,5.716449652777779,32.89636197916667,True,none,0.5017402731350955,,0.5017402731350955,0.5017402731350955,0.5017402731350955,True,True,34,70,2,2
0.6,selective,selective_p0.6_r15,0.01,32.89836154513889,27.273209635416666,32.89836154513889,5.625151909722224,32.84211002604167,True,none,0.4985151397811727,,0.4985151397811727,0.4985151397811727,0.4985151397811727,True,True,34,70,2,2
0.6,selective,selective_p0.6_r16,0.01,33.025629340277774,27.13330078125,33.025629340277774,5.892328559027774,32.9667060546875,True,none,0.5042365598506902,,0.5042365598506902,0.5042365598506902,0.5042365598506902,True,True,34,70,2,2
0.6,selective,selective_p0.6_r17,0.01,32.98472222222222,27.20974392361111,32.98472222222222,5.7749782986111065,32.9269724392361,True,none,0.5023696151802839,,0.5023696151802839,0.5023696151802839,0.5023696151802839,True,True,34,70,2,2
0.6,selective,selective_p0.6_r18,0.01,32.986425781250006,27.24228515625,32.986425781250006,5.744140625000007,32.928984375000006,True,none,0.4951384750015372,,0.4951384750015372,0.4951384750015372,0.4951384750015372,True,True,34,70,2,2
0.6,selective,selective_p0.6_r19,0.01,33.07260199652777,27.180533854166665,33.07260199652777,5.892068142361108,33.013681315104165,True,none,0.497835610212181,,0.497835610212181,0.497835610212181,0.497835610212181,True,True,34,70,2,2
0.7,control,control_p0.7_r00,0.01,27.215060763888893,27.215060763888893,27.215060763888893,0.0,27.215060763888893,True,none,8.008566259537292e-17,,0.27382711460012,0.27382711460012,0.27382711460012,True,True,34,70,2,2
0.7,control,control_p0.7_r01,0.01,27.15951605902778,27.15951605902778,27.15951605902778,0.0,27.15951605902778,True,none,0.0,,0.2706371041650687,0.2706371041650687,0.2706371041650687,True,True,34,70,2,2
0.7,control,control_p0.7_r02,0.01,27.20754123263889,27.20754123263889,27.20754123263889,0.0,27.20754123263889,True,none,0.0,,0.2724670215111545,0.2724670215111545,0.2724670215111545,True,True,34,70,2,2
0.7,control,control_p0.7_r03,0.01,27.162076822916667,27.162076822916667,27.162076822916667,0.0,27.162076822916667,True,none,0.0,,0.2722633267391677,0.2722633267391677,0.2722633267391677,True,True,34,70,2,2
0.7,control,control_p0.7_r04,0.01,27.203960503472224,27.203960503472224,27.203960503472224,0.0,27.203960503472224,True,none,0.0,,0.2696506801725637,0.2696506801725637,0.2696506801725637,True,True,34,70,2,2
0.7,control,control_p0.7_r05,0.01,27.24185112847222,27.24185112847222,27.24185112847222,0.0,27.24185112847222,True,none,0.0,,0.2752113663276463,0.2752113663276463,0.2752113663276463,True,True,34,70,2,2
0.7,control,control_p0.7_r06,0.01,27.122819010416666,27.122819010416666,27.122819010416666,0.0,27.122819010416666,True,none,-8.008566259537294e-17,,0.2757707829049062,0.2757707829049062,0.2757707829049062,True,True,34,70,2,2
0.7,control,control_p0.7_r07,0.01,27.061230468749997,27.061230468749997,27.061230468749997,0.0,27.061230468749997,True,none,8.008566259537292e-17,,0.2752084774984213,0.2752084774984213,0.2752084774984213,True,True,34,70,2,2
0.7,control,control_p0.7_r08,0.01,27.12096354166667,27.12096354166667,27.12096354166667,0.0,27.12096354166667,True,none,0.0,,0.2699239020594678,0.2699239020594678,0.2699239020594678,True,True,34,70,2,2
0.7,control,control_p0.7_r09,0.01,27.08768446180555,27.08768446180555,27.08768446180555,0.0,27.08768446180555,True,none,0.0,,0.27468319451038,0.27468319451038,0.27468319451038,True,True,34,70,2,2
0.7,control,control_p0.7_r10,0.01,27.12118055555556,27.12118055555556,27.12118055555556,0.0,27.12118055555556,True,none,0.0,,0.2763185810383416,0.2763185810383416,0.2763185810383416,True,True,34,70,2,2
0.7,control,control_p0.7_r11,0.01,27.090635850694444,27.090635850694444,27.090635850694444,0.0,27.090635850694444,True,none,0.0,,0.2713630633036835,0.2713630633036835,0.2713630633036835,True,True,34,70,2,2
0.7,control,control_p0.7_r12,0.01,27.133778211805556,27.133778211805556,27.133778211805556,0.0,27.133778211805556,True,none,0.0,,0.2732820623892285,0.2732820623892285,0.2732820623892285,True,True,34,70,2,2
0.7,control,control_p0.7_r13,0.01,27.155946180555553,27.155946180555553,27.155946180555553,0.0,27.155946180555553,True,none,0.0,,0.2767033428036364,0.2767033428036364,0.2767033428036364,True,True,34,70,2,2
0.7,control,control_p0.7_r14,0.01,27.091514756944445,27.091514756944445,27.091514756944445,0.0,27.091514756944445,True,none,0.0,,0.273097531627671,0.273097531627671,0.273097531627671,True,True,34,70,2,2
0.7,control,control_p0.7_r15,0.01,27.128917100694444,27.128917100694444,27.128917100694444,0.0,27.128917100694444,True,none,8.008566259537293e-17,,0.27929977085331,0.27929977085331,0.27929977085331,True,True,34,70,2,2
0.7,control,control_p0.7_r16,0.01,27.187434895833334,27.187434895833334,27.187434895833334,0.0,27.187434895833334,True,none,0.0,,0.2780684240971353,0.2780684240971353,0.2780684240971353,True,True,34,70,2,2
0.7,control,control_p0.7_r17,0.01,27.22041015625,27.22041015625,27.22041015625,0.0,27.22041015625,True,none,0.0,,0.2761728927552667,0.2761728927552667,0.2761728927552667,True,True,34,70,2,2
0.7,control,control_p0.7_r18,0.01,27.134754774305556,27.134754774305556,27.134754774305556,0.0,27.134754774305556,True,none,8.008566259537293e-17,,0.2752621215992261,0.2752621215992261,0.2752621215992261,True,True,34,70,2,2
0.7,control,control_p0.7_r19,0.01,27.12172309027778,27.12172309027778,27.12172309027778,0.0,27.12172309027778,True,none,0.0,,0.2693063183737701,0.2693063183737701,0.2693063183737701,True,True,34,70,2,2
0.7,selective,selective_p0.7_r00,0.01,32.95265842013889,27.1837890625,32.95265842013889,5.768869357638888,32.8949697265625,True,none,0.4982071889354211,,0.4982071889354211,0.4982071889354211,0.4982071889354211,True,True,34,70,2,2
0.7,selective,selective_p0.7_r01,0.01,32.97643229166667,27.16107855902778,32.97643229166667,5.81535373263889,32.91827875434028,True,none,0.4968828807062739,,0.4968828807062739,0.4968828807062739,0.4968828807062739,True,True,34,70,2,2
0.7,selective,selective_p0.7_r02,0.01,32.93633897569445,27.20927734375,32.93633897569445,5.727061631944448,32.879068359375005,True,none,0.4979598204404434,,0.4979598204404434,0.4979598204404434,0.4979598204404434,True,True,34,70,2,2
0.7,selective,selective_p0.7_r03,0.01,32.99246961805556,27.19638671875,32.99246961805556,5.79608289930556,32.934508789062505,True,none,0.4878869933753644,,0.4878869933753644,0.4878869933753644,0.4878869933753644,True,True,34,70,2,2
0.7,selective,selective_p0.7_r04,0.01,32.980891927083334,27.15528428819444,32.980891927083334,5.8256076388888935,32.92263585069445,True,none,0.4912804798452597,,0.4912804798452597,0.4912804798452597,0.4912804798452597,True,True,34,70,2,2
0.7,selective,selective_p0.7_r05,0.01,32.969813368055554,27.168511284722225,32.969813368055554,5.801302083333329,32.91180034722222,True,none,0.4970785738548405,,0.4970785738548405,0.4970785738548405,0.4970785738548405,True,True,34,70,2,2
0.7,selective,selective_p0.7_r06,0.01,33.00614149305555,27.146223958333337,33.00614149305555,5.859917534722214,32.947542317708326,True,none,0.5001121676409493,,0.5001121676409493,0.5001121676409493,0.5001121676409493,True,True,34,70,2,2
0.7,selective,selective_p0.7_r07,0.01,33.02926432291666,27.19021267361111,33.02926432291666,5.839051649305549,32.970873806423604,True,none,0.4933030490821954,,0.4933030490821954,0.4933030490821954,0.4933030490821954,True,True,34,70,2,2
0.7,selective,selective_p0.7_r08,0.01,32.97676866319445,27.17404513888889,32.97676866319445,5.802723524305559,32.918741427951396,True,none,0.5038811800780163,,0.5038811800780163,0.5038811800780163,0.5038811800780163,True,True,34,70,2,2
0.7,selective,selective_p0.7_r09,0.01,33.00903862847222,27.147862413194446,33.00903862847222,5.861176215277773,32.95042686631944,True,none,0.4917016315366156,,0.4917016315366156,0.4917016315366156,0.4917016315366156,True,True,34,70,2,2
0.7,selective,selective_p0.7_r10,0.01,32.918695746527774,27.144856770833332,32.918695746527774,5.773838975694442,32.86095735677083,True,none,0.4978708244644886,,0.4978708244644886,0.4978708244644886,0.4978708244644886,True,True,34,70,2,2
0.7,selective,selective_p0.7_r11,0.01,32.96879340277778,27.050336371527777,32.96879340277778,5.91845703125,32.909608832465274,True,none,0.4963497484796794,,0.4963497484796794,0.4963497484796794,0.4963497484796794,True,True,34,70,2,2
0.7,selective,selective_p0.7_r12,0.01,32.99637586805556,27.200368923611116,32.99637586805556,5.796006944444443,32.93841579861112,True,none,0.5031917545278032,,0.5031917545278032,0.5031917545278032,0.5031917545278032,True,True,34,70,2,2
0.7,selective,selective_p0.7_r13,0.01,33.04643012152778,27.15258246527778,33.04643012152778,5.893847656249996,32.987491644965274,True,none,0.50384256716783,,0.50384256716783,0.50384256716783,0.50384256716783,True,True,34,70,2,2
0.7,selective,selective_p0.7_r14,0.01,32.95558810763889,27.20256076388889,32.95558810763889,5.753027343749999,32.89805783420139,True,none,0.4895634121005519,,0.4895634121005519,0.4895634121005519,0.4895634121005519,True,True,34,70,2,2
0.7,selective,selective_p0.7_r15,0.01,33.00118272569445,27.1513671875,33.00118272569445,5.8498155381944485,32.9426845703125,True,none,0.4891117494105648,,0.4891117494105648,0.4891117494105648,0.4891117494105648,True,True,34,70,2,2
0.7,selective,selective_p0.7_r16,0.01,32.99542100694444,27.18842230902778,32.99542100694444,5.8069986979166615,32.93735101996527,True,none,0.4954166382852264,,0.4954166382852264,0.4954166382852264,0.4954166382852264,True,True,34,70,2,2
0.7,selective,selective_p0.7_r17,0.01,32.94396701388889,27.219650607638886,32.94396701388889,5.724316406250001,32.88672384982639,True,none,0.4952958227412931,,0.4952958227412931,0.4952958227412931,0.4952958227412931,True,True,34,70,2,2
0.7,selective,selective_p0.7_r18,0.01,33.062207031250004,27.23208550347222,33.062207031250004,5.830121527777784,33.003905815972225,True,none,0.4996356921073121,,0.4996356921073121,0.4996356921073121,0.4996356921073121,True,True,34,70,2,2
0.7,selective,selective_p0.7_r19,0.01,32.96274956597222,27.09453125,32.96274956597222,5.868218315972218,32.90406738281249,True,none,0.4916592270838841,,0.4916592270838841,0.4916592270838841,0.4916592270838841,True,True,34,70,2,2
0.8,control,control_p0.8_r00,0.01,27.04763454861111,27.04763454861111,27.04763454861111,0.0,27.04763454861111,True,none,8.008566259537293e-17,,0.2597795856069638,0.2597795856069638,0.2597795856069638,True,True,34,70,2,2
0.8,control,control_p0.8_r01,0.01,27.18696831597222,27.18696831597222,27.18696831597222,0.0,27.18696831597222,True,none,0.0,,0.2607037167155037,0.2607037167155037,0.2607037167155037,True,True,34,70,2,2
0.8,control,control_p0.8_r02,0.01,27.06518012152778,27.06518012152778,27.06518012152778,0.0,27.06518012152778,True,none,0.0,,0.2645095169117201,0.2645095169117201,0.2645095169117201,True,True,34,70,2,2
0.8,control,control_p0.8_r03,0.01,27.11448567708333,27.11448567708333,27.11448567708333,0.0,27.11448567708333,True,none,0.0,,0.2648504702215161,0.2648504702215161,0.2648504702215161,True,True,34,70,2,2
0.8,control,control_p0.8_r04,0.01,27.09204644097222,27.09204644097222,27.09204644097222,0.0,27.09204644097222,True,none,0.0,,0.2609257762154204,0.2609257762154204,0.2609257762154204,True,True,34,70,2,2
0.8,control,control_p0.8_r05,0.01,27.119715711805554,27.119715711805554,27.119715711805554,0.0,27.119715711805554,True,none,0.0,,0.2615703809951627,0.2615703809951627,0.2615703809951627,True,True,34,70,2,2
0.8,control,control_p0.8_r06,0.01,27.146875,27.146875,27.146875,0.0,27.146875,True,none,0.0,,0.2688897502604045,0.2688897502604045,0.2688897502604045,True,True,34,70,2,2
0.8,control,control_p0.8_r07,0.01,27.095746527777777,27.095746527777777,27.095746527777777,0.0,27.095746527777777,True,none,0.0,,0.263861824365836,0.263861824365836,0.263861824365836,True,True,34,70,2,2
0.8,control,control_p0.8_r08,0.01,27.102473958333334,27.102473958333334,27.102473958333334,0.0,27.102473958333334,True,none,8.008566259537293e-17,,0.2583428400713422,0.2583428400713422,0.2583428400713422,True,True,34,70,2,2
0.8,control,control_p0.8_r09,0.01,27.13063151041667,27.13063151041667,27.13063151041667,0.0,27.13063151041667,True,none,8.008566259537293e-17,,0.2636611019654962,0.2636611019654962,0.2636611019654962,True,True,34,70,2,2
0.8,control,control_p0.8_r10,0.01,27.031098090277776,27.031098090277776,27.031098090277776,0.0,27.031098090277776,True,none,0.0,,0.2677440104869548,0.2677440104869548,0.2677440104869548,True,True,34,70,2,2
0.8,control,control_p0.8_r11,0.01,27.16317274305555,27.16317274305555,27.16317274305555,0.0,27.16317274305555,True,none,0.0,,0.2580564591125532,0.2580564591125532,0.2580564591125532,True,True,34,70,2,2
0.8,control,control_p0.8_r12,0.01,27.17316623263889,27.17316623263889,27.17316623263889,0.0,27.17316623263889,True,none,0.0,,0.2593599283168439,0.2593599283168439,0.2593599283168439,True,True,34,70,2,2
0.8,control,control_p0.8_r13,0.01,27.152517361111112,27.152517361111112,27.152517361111112,0.0,27.152517361111112,True,none,8.008566259537293e-17,,0.265996242059533,0.265996242059533,0.265996242059533,True,True,34,70,2,2
0.8,control,control_p0.8_r14,0.01,27.15149739583334,27.15149739583334,27.15149739583334,0.0,27.15149739583334,True,none,8.008566259537293e-17,,0.2699795746550065,0.2699795746550065,0.2699795746550065,True,True,34,70,2,2
0.8,control,control_p0.8_r15,0.01,27.16652560763889,27.16652560763889,27.16652560763889,0.0,27.16652560763889,True,none,0.0,,0.2658999963340499,0.2658999963340499,0.2658999963340499,True,True,34,70,2,2
0.8,control,control_p0.8_r16,0.01,27.15409071180556,27.15409071180556,27.15409071180556,0.0,27.15409071180556,True,none,0.0,,0.2630132236420665,0.2630132236420665,0.2630132236420665,True,True,34,70,2,2
0.8,control,control_p0.8_r17,0.01,27.16422526041667,27.16422526041667,27.16422526041667,0.0,27.16422526041667,True,none,0.0,,0.2629530631033731,0.2629530631033731,0.2629530631033731,True,True,34,70,2,2
0.8,control,control_p0.8_r18,0.01,27.214702690972217,27.214702690972217,27.214702690972217,0.0,27.214702690972217,True,none,1.6017132519074586e-16,,0.2625340576730781,0.2625340576730781,0.2625340576730781,True,True,34,70,2,2
0.8,control,control_p0.8_r19,0.01,27.18156467013889,27.18156467013889,27.18156467013889,0.0,27.18156467013889,True,none,1.6017132519074586e-16,,0.266625251499527,0.266625251499527,0.266625251499527,True,True,34,70,2,2
0.8,selective,selective_p0.8_r00,0.01,33.12147352430556,27.229231770833337,33.12147352430556,5.89224175347222,33.06255110677083,True,none,0.4837290978177357,,0.4837290978177357,0.4837290978177357,0.4837290978177357,True,True,34,70,2,2
0.8,selective,selective_p0.8_r01,0.01,33.187044270833326,27.180848524305553,33.187044270833326,6.006195746527773,33.126982313368046,True,none,0.4935623530973284,,0.4935623530973284,0.4935623530973284,0.4935623530973284,True,True,34,70,2,2
0.8,selective,selective_p0.8_r02,0.01,33.20375434027778,27.215397135416666,33.20375434027778,5.988357204861117,33.14387076822917,True,none,0.4822472701333799,,0.4822472701333799,0.4822472701333799,0.4822472701333799,True,True,34,70,2,2
0.8,selective,selective_p0.8_r03,0.01,33.117621527777786,27.165039062500004,33.117621527777786,5.952582465277782,33.058095703125005,True,none,0.4967630568534864,,0.4967630568534864,0.4967630568534864,0.4967630568534864,True,True,34,70,2,2
0.8,selective,selective_p0.8_r04,0.01,33.086436631944444,27.21078559027778,33.086436631944444,5.875651041666664,33.02768012152778,True,none,0.4787259137276201,,0.4787259137276201,0.4787259137276201,0.4787259137276201,True,True,34,70,2,2
0.8,selective,selective_p0.8_r05,0.01,33.147026909722214,27.19988064236111,33.147026909722214,5.947146267361106,33.0875554470486,True,none,0.486347916087584,,0.486347916087584,0.486347916087584,0.486347916087584,True,True,34,70,2,2
0.8,selective,selective_p0.8_r06,0.01,33.22805989583333,27.152126736111107,33.22805989583333,6.075933159722226,33.16730056423611,True,none,0.4804940275722013,,0.4804940275722013,0.4804940275722013,0.4804940275722013,True,True,34,70,2,2
0.8,selective,selective_p0.8_r07,0.01,33.211979166666666,27.16750217013889,33.211979166666666,6.044476996527777,33.151534396701386,True,none,0.5014755781719208,,0.5014755781719208,0.5014755781719208,0.5014755781719208,True,True,34,70,2,2
0.8,selective,selective_p0.8_r08,0.01,33.09788411458334,27.11095920138889,33.09788411458334,5.986924913194446,33.038014865451395,True,none,0.4936492430119042,,0.4936492430119042,0.4936492430119042,0.4936492430119042,True,True,34,70,2,2
0.8,selective,selective_p0.8_r09,0.01,33.063075086805554,27.254058159722224,33.063075086805554,5.809016927083331,33.00498491753472,True,none,0.4831393320389009,,0.4831393320389009,0.4831393320389009,0.4831393320389009,True,True,34,70,2,2
0.8,selective,selective_p0.8_r10,0.01,32.96438802083334,27.197894965277776,32.96438802083334,5.766493055555564,32.90672309027779,True,none,0.4855313276335978,,0.4855313276335978,0.4855313276335978,0.4855313276335978,True,True,34,70,2,2
0.8,selective,selective_p0.8_r11,0.01,33.147699652777774,27.214257812500005,33.147699652777774,5.933441840277769,33.088365234375,True,none,0.4908240758074672,,0.4908240758074672,0.4908240758074672,0.4908240758074672,True,True,34,70,2,2
0.8,selective,selective_p0.8_r12,0.01,33.22062717013889,27.24767795138889,33.22062717013889,5.972949218749999,33.16089767795139,True,none,0.4864422899251295,,0.4864422899251295,0.4864422899251295,0.4864422899251295,True,True,34,70,2,2
0.8,selective,selective_p0.8_r13,0.01,33.07023654513888,27.17765842013889,33.07023654513888,5.892578124999993,33.011310763888886,True,none,0.4889245897240212,,0.4889245897240212,0.4889245897240212,0.4889245897240212,True,True,34,70,2,2
0.8,selective,selective_p0.8_r14,0.01,33.13331163194444,27.194238281250005,33.13331163194444,5.939073350694432,33.07392089843749,True,none,0.4916561475691537,,0.4916561475691537,0.4916561475691537,0.4916561475691537,True,True,34,70,2,2
0.8,selective,selective_p0.8_r15,0.01,33.150944010416666,27.195713975694446,33.150944010416666,5.95523003472222,33.091391710069445,True,none,0.4889299496778352,,0.4889299496778352,0.4889299496778352,0.4889299496778352,True,True,34,70,2,2
0.8,selective,selective_p0.8_r16,0.01,33.06278211805555,27.111979166666664,33.06278211805555,5.950802951388887,33.003274088541666,True,none,0.4742296827405611,,0.4742296827405611,0.4742296827405611,0.4742296827405611,True,True,34,70,2,2
0.8,selective,selective_p0.8_r17,0.01,33.05647786458333,27.165180121527776,33.05647786458333,5.891297743055553,32.99756488715277,True,none,0.4860477860341863,,0.4860477860341863,0.4860477860341863,0.4860477860341863,True,True,34,70,2,2
0.8,selective,selective_p0.8_r18,0.01,33.012554253472224,27.190570746527783,33.012554253472224,5.8219835069444414,32.95433441840278,True,none,0.4821278752719955,,0.4821278752719955,0.4821278752719955,0.4821278752719955,True,True,34,70,2,2
0.8,selective,selective_p0.8_r19,0.01,33.24539930555556,27.164724392361112,33.24539930555556,6.080674913194446,33.18459255642362,True,none,0.4765983138235905,,0.4765983138235905,0.4765983138235905,0.4765983138235905,True,True,34,70,2,2
0.9,control,control_p0.9_r00,0.01,27.08713107638889,27.08713107638889,27.08713107638889,0.0,27.08713107638889,True,none,0.0,,0.2283342740746582,0.2283342740746582,0.2283342740746582,True,True,34,70,2,2
0.9,control,control_p0.9_r01,0.01,27.158832465277783,27.158832465277783,27.158832465277783,0.0,27.158832465277783,True,none,0.0,,0.2191020472493925,0.2191020472493925,0.2191020472493925,True,True,34,70,2,2
0.9,control,control_p0.9_r02,0.01,27.15263671875,27.15263671875,27.15263671875,0.0,27.15263671875,True,none,0.0,,0.2166638509475373,0.2166638509475373,0.2166638509475373,True,True,34,70,2,2
0.9,control,control_p0.9_r03,0.01,27.131640624999996,27.131640624999996,27.131640624999996,0.0,27.131640624999996,True,none,0.0,,0.2342930150738167,0.2342930150738167,0.2342930150738167,True,True,34,70,2,2
0.9,control,control_p0.9_r04,0.01,27.126280381944444,27.126280381944444,27.126280381944444,0.0,27.126280381944444,True,none,0.0,,0.2372238918389077,0.2372238918389077,0.2372238918389077,True,True,34,70,2,2
0.9,control,control_p0.9_r05,0.01,27.144368489583332,27.144368489583332,27.144368489583332,0.0,27.144368489583332,True,none,0.0,,0.2313426440191976,0.2313426440191976,0.2313426440191976,True,True,34,70,2,2
0.9,control,control_p0.9_r06,0.01,27.11797960069444,27.11797960069444,27.11797960069444,0.0,27.11797960069444,True,none,0.0,,0.2290380317238608,0.2290380317238608,0.2290380317238608,True,True,34,70,2,2
0.9,control,control_p0.9_r07,0.01,27.08293185763889,27.08293185763889,27.08293185763889,0.0,27.08293185763889,True,none,0.0,,0.2247174601273758,0.2247174601273758,0.2247174601273758,True,True,34,70,2,2
0.9,control,control_p0.9_r08,0.01,27.062760416666666,27.062760416666666,27.062760416666666,0.0,27.062760416666666,True,none,8.008566259537293e-17,,0.2316057040463145,0.2316057040463145,0.2316057040463145,True,True,34,70,2,2
0.9,control,control_p0.9_r09,0.01,27.05141059027777,27.05141059027777,27.05141059027777,0.0,27.05141059027777,True,none,8.008566259537293e-17,,0.2216399677041499,0.2216399677041499,0.2216399677041499,True,True,34,70,2,2
0.9,control,control_p0.9_r10,0.01,27.10793185763889,27.10793185763889,27.10793185763889,0.0,27.10793185763889,True,none,0.0,,0.2369641494643935,0.2369641494643935,0.2369641494643935,True,True,34,70,2,2
0.9,control,control_p0.9_r11,0.01,27.18644748263889,27.18644748263889,27.18644748263889,0.0,27.18644748263889,True,none,1.6017132519074583e-16,,0.2297779048952649,0.2297779048952649,0.2297779048952649,True,True,34,70,2,2
0.9,control,control_p0.9_r12,0.01,27.097081163194453,27.097081163194453,27.097081163194453,0.0,27.097081163194453,True,none,0.0,,0.2214569447018489,0.2214569447018489,0.2214569447018489,True,True,34,70,2,2
0.9,control,control_p0.9_r13,0.01,27.138509114583336,27.138509114583336,27.138509114583336,0.0,27.138509114583336,True,none,0.0,,0.2379795936476819,0.2379795936476819,0.2379795936476819,True,True,34,70,2,2
0.9,control,control_p0.9_r14,0.01,27.154014756944445,27.154014756944445,27.154014756944445,0.0,27.154014756944445,True,none,8.008566259537293e-17,,0.23315906957687,0.23315906957687,0.23315906957687,True,True,34,70,2,2
0.9,control,control_p0.9_r15,0.01,27.114290364583333,27.114290364583333,27.114290364583333,0.0,27.114290364583333,True,none,8.008566259537294e-17,,0.2259432527337609,0.2259432527337609,0.2259432527337609,True,True,34,70,2,2
0.9,control,control_p0.9_r16,0.01,27.11814236111111,27.11814236111111,27.11814236111111,0.0,27.11814236111111,True,none,8.008566259537292e-17,,0.2263439470023331,0.2263439470023331,0.2263439470023331,True,True,34,70,2,2
0.9,control,control_p0.9_r17,0.01,27.206304253472222,27.206304253472222,27.206304253472222,0.0,27.206304253472222,True,none,0.0,,0.2205040767475635,0.2205040767475635,0.2205040767475635,True,True,34,70,2,2
0.9,control,control_p0.9_r18,0.01,27.093478732638893,27.093478732638893,27.093478732638893,0.0,27.093478732638893,True,none,0.0,,0.2280101433930178,0.2280101433930178,0.2280101433930178,True,True,34,70,2,2
0.9,control,control_p0.9_r19,0.01,27.12236328125,27.12236328125,27.12236328125,0.0,27.12236328125,True,none,8.008566259537293e-17,,0.2324325458563717,0.2324325458563717,0.2324325458563717,True,True,34,70,2,2
0.9,selective,selective_p0.9_r00,0.01,33.86893446180555,27.257411024305554,33.86893446180555,6.611523437499997,33.802819227430554,True,none,0.4534022529516506,,0.4534022529516506,0.4534022529516506,0.4534022529516506,True,True,34,70,2,2
0.9,selective,selective_p0.9_r01,0.01,33.682367621527774,27.114550781249996,33.682367621527774,6.567816840277779,33.616689453125,True,none,0.458138059573235,,0.458138059573235,0.458138059573235,0.458138059573235,True,True,34,70,2,2
0.9,selective,selective_p0.9_r02,0.01,33.154242621527786,27.065581597222224,33.154242621527786,6.088661024305562,33.09335601128473,True,none,0.4584252978992332,,0.4584252978992332,0.4584252978992332,0.4584252978992332,True,True,34,70,2,2
0.9,selective,selective_p0.9_r03,0.01,33.49928385416667,27.048611111111107,33.49928385416667,6.450672743055563,33.434777126736115,True,none,0.4528192505446852,,0.4528192505446852,0.4528192505446852,0.4528192505446852,True,True,34,70,2,2
0.9,selective,selective_p0.9_r04,0.01,33.65324435763888,27.171690538194447,33.65324435763888,6.481553819444436,33.58842881944444,True,none,0.4502491693326915,,0.4502491693326915,0.4502491693326915,0.4502491693326915,True,True,34,70,2,2
0.9,selective,selective_p0.9_r05,0.01,33.875141059027776,27.21376953125,33.875141059027776,6.661371527777774,33.80852734375,True,none,0.4512294709080162,,0.4512294709080162,0.4512294709080162,0.4512294709080162,True,True,34,70,2,2
0.9,selective,selective_p0.9_r06,0.01,33.54735243055555,27.185850694444447,33.54735243055555,6.3615017361111015,33.48373741319444,True,none,0.4559649102751862,,0.4559649102751862,0.4559649102751862,0.4559649102751862,True,True,34,70,2,2
0.9,selective,selective_p0.9_r07,0.01,33.70151909722222,27.19689670138889,33.70151909722222,6.5046223958333265,33.636472873263884,True,none,0.4594091459143772,,0.4594091459143772,0.4594091459143772,0.4594091459143772,True,True,34,70,2,2
0.9,selective,selective_p0.9_r08,0.01,33.79921875000001,27.26667751736111,33.79921875000001,6.5325412326388985,33.73389333767362,True,none,0.4485141051821336,,0.4485141051821336,0.4485141051821336,0.4485141051821336,True,True,34,70,2,2
0.9,selective,selective_p0.9_r09,0.01,33.591373697916666,27.179437934027778,33.591373697916666,6.411935763888888,33.52725434027778,True,none,0.4604613290883635,,0.4604613290883635,0.4604613290883635,0.4604613290883635,True,True,34,70,2,2
0.9,selective,selective_p0.9_r10,0.01,33.85432942708333,27.220464409722222,33.85432942708333,6.6338650173611065,33.787990776909716,True,none,0.4546025896264719,,0.4546025896264719,0.4546025896264719,0.4546025896264719,True,True,34,70,2,2
0.9,selective,selective_p0.9_r11,0.01,33.51719835069444,27.15562065972222,33.51719835069444,6.361577690972222,33.45358257378472,True,none,0.4453128213909684,,0.4453128213909684,0.4453128213909684,0.4453128213909684,True,True,34,70,2,2
0.9,selective,selective_p0.9_r12,0.01,33.44009331597222,27.233181423611107,33.44009331597222,6.206911892361113,33.37802419704861,True,none,0.4423020928644521,,0.4423020928644521,0.4423020928644521,0.4423020928644521,True,True,34,70,2,2
0.9,selective,selective_p0.9_r13,0.01,34.09274088541667,27.236686197916665,34.09274088541667,6.856054687500002,34.02418033854167,True,none,0.4604250717353035,,0.4604250717353035,0.4604250717353035,0.4604250717353035,True,True,34,70,2,2
0.9,selective,selective_p0.9_r14,0.01,33.54970703125001,27.18830295138889,33.54970703125001,6.361404079861117,33.4860929904514,True,none,0.4524043199836068,,0.4524043199836068,0.4524043199836068,0.4524043199836068,True,True,34,70,2,2
0.9,selective,selective_p0.9_r15,0.01,33.3732421875,27.129774305555554,33.3732421875,6.243467881944444,33.310807508680554,True,none,0.4502842467425706,,0.4502842467425706,0.4502842467425706,0.4502842467425706,True,True,34,70,2,2
0.9,selective,selective_p0.9_r16,0.01,33.886621093749994,27.105143229166664,33.886621093749994,6.78147786458333,33.81880631510416,True,none,0.4648053501350607,,0.4648053501350607,0.4648053501350607,0.4648053501350607,True,True,34,70,2,2
0.9,selective,selective_p0.9_r17,0.01,33.49378255208334,27.08977864583333,33.49378255208334,6.404003906250008,33.42974251302084,True,none,0.4455484024478654,,0.4455484024478654,0.4455484024478654,0.4455484024478654,True,True,34,70,2,2
0.9,selective,selective_p0.9_r18,0.01,33.52240668402777,27.187510850694444,33.52240668402777,6.334895833333327,33.459057725694436,True,none,0.452962860220345,,0.452962860220345,0.452962860220345,0.452962860220345,True,True,34,70,2,2
0.9,selective,selective_p0.9_r19,0.01,34.104069010416666,27.273795572916665,34.104069010416666,6.830273437500001,34.03576627604166,True,none,0.4488943605391345,,0.4488943605391345,0.4488943605391345,0.4488943605391345,True,True,34,70,2,2
1.0,control,control_p1.0_r00,0.01,27.212890625,27.212890625,27.212890625,0.0,27.212890625,True,none,8.008566259537293e-17,,0.0301361327193572,0.0301361327193572,0.0301361327193572,True,True,34,70,2,2
1.0,control,control_p1.0_r01,0.01,27.088465711805554,27.088465711805554,27.088465711805554,0.0,27.088465711805554,True,none,8.008566259537293e-17,,0.0261768453880494,0.0261768453880494,0.0261768453880494,True,True,34,70,2,2
1.0,control,control_p1.0_r02,0.01,27.182790798611112,27.182790798611112,27.182790798611112,0.0,27.182790798611112,True,none,0.0,,0.0298755271938124,0.0298755271938124,0.0298755271938124,True,True,34,70,2,2
1.0,control,control_p1.0_r03,0.01,27.21574435763889,27.21574435763889,27.21574435763889,0.0,27.21574435763889,True,none,0.0,,0.0330176901772231,0.0330176901772231,0.0330176901772231,True,True,34,70,2,2
1.0,control,control_p1.0_r04,0.01,27.161404079861107,27.161404079861107,27.161404079861107,0.0,27.161404079861107,True,none,0.0,,0.0331053587558262,0.0331053587558262,0.0331053587558262,True,True,34,70,2,2
1.0,control,control_p1.0_r05,0.01,27.122645399305554,27.122645399305554,27.122645399305554,0.0,27.122645399305554,True,none,0.0,,0.0254109975001403,0.0254109975001403,0.0254109975001403,True,True,34,70,2,2
1.0,control,control_p1.0_r06,0.01,27.147113715277776,27.147113715277776,27.147113715277776,0.0,27.147113715277776,True,none,0.0,,0.0322902428236611,0.0322902428236611,0.0322902428236611,True,True,34,70,2,2
1.0,control,control_p1.0_r07,0.01,27.209440104166667,27.209440104166667,27.209440104166667,0.0,27.209440104166667,True,none,8.008566259537294e-17,,0.0276725091428872,0.0276725091428872,0.0276725091428872,True,True,34,70,2,2
1.0,control,control_p1.0_r08,0.01,27.160720486111114,27.160720486111114,27.160720486111114,0.0,27.160720486111114,True,none,0.0,,0.0242647678134572,0.0242647678134572,0.0242647678134572,True,True,34,70,2,2
1.0,control,control_p1.0_r09,0.01,27.07491319444445,27.07491319444445,27.07491319444445,0.0,27.07491319444445,True,none,1.6017132519074583e-16,,0.0314717972299292,0.0314717972299292,0.0314717972299292,True,True,34,70,2,2
1.0,control,control_p1.0_r10,0.01,27.169498697916666,27.169498697916666,27.169498697916666,0.0,27.169498697916666,True,none,0.0,,0.0310644848536249,0.0310644848536249,0.0310644848536249,True,True,34,70,2,2
1.0,control,control_p1.0_r11,0.01,27.051692708333334,27.051692708333334,27.051692708333334,0.0,27.051692708333334,True,none,0.0,,0.0249188440353517,0.0249188440353517,0.0249188440353517,True,True,34,70,2,2
1.0,control,control_p1.0_r12,0.01,27.081673177083335,27.081673177083335,27.081673177083335,0.0,27.081673177083335,True,none,-2.465190328815662e-32,,0.0243986490742141,0.0243986490742141,0.0243986490742141,True,True,34,70,2,2
1.0,control,control_p1.0_r13,0.01,27.176171875,27.176171875,27.176171875,0.0,27.176171875,True,none,0.0,,0.0269455182086566,0.0269455182086566,0.0269455182086566,True,True,34,70,2,2
1.0,control,control_p1.0_r14,0.01,27.159244791666666,27.159244791666666,27.159244791666666,0.0,27.159244791666666,True,none,0.0,,0.0362870140926725,0.0362870140926725,0.0362870140926725,True,True,34,70,2,2
1.0,control,control_p1.0_r15,0.01,27.145811631944447,27.145811631944447,27.145811631944447,0.0,27.145811631944447,True,none,0.0,,0.0306778693623149,0.0306778693623149,0.0306778693623149,True,True,34,70,2,2
1.0,control,control_p1.0_r16,0.01,27.03446180555556,27.03446180555556,27.03446180555556,0.0,27.03446180555556,True,none,8.008566259537293e-17,,0.0303471010062566,0.0303471010062566,0.0303471010062566,True,True,34,70,2,2
1.0,control,control_p1.0_r17,0.01,27.0908203125,27.0908203125,27.0908203125,0.0,27.0908203125,True,none,0.0,,0.0241127113558942,0.0241127113558942,0.0241127113558942,True,True,34,70,2,2
1.0,control,control_p1.0_r18,0.01,27.082476128472223,27.082476128472223,27.082476128472223,0.0,27.082476128472223,True,none,0.0,,0.0317355962582192,0.0317355962582192,0.0317355962582192,True,True,34,70,2,2
1.0,control,control_p1.0_r19,0.01,27.15003255208333,27.15003255208333,27.15003255208333,0.0,27.15003255208333,True,none,8.008566259537293e-17,,0.0262287693874053,0.0262287693874053,0.0262287693874053,True,True,34,70,2,2
1.0,selective,selective_p1.0_r00,0.01,39.79054904513889,27.14428168402778,39.79054904513889,12.646267361111107,39.66408637152778,True,none,0.2770772466033623,,0.2770772466033623,0.2770772466033623,0.2770772466033623,True,True,34,70,2,2
1.0,selective,selective_p1.0_r01,0.01,39.39070095486112,27.214626736111104,39.39070095486112,12.176074218750014,39.26894021267362,True,none,0.2526763888582233,,0.2526763888582233,0.2526763888582233,0.2526763888582233,True,True,34,70,2,2
1.0,selective,selective_p1.0_r02,0.01,38.48041449652778,27.26966145833334,38.48041449652778,11.21075303819444,38.36830696614584,True,none,0.2980063334655645,,0.2980063334655645,0.2980063334655645,0.2980063334655645,True,True,34,70,2,2
1.0,selective,selective_p1.0_r03,0.01,36.26942274305556,27.17619357638889,36.26942274305556,9.093229166666667,36.17849045138889,True,none,0.2876481236978114,,0.2876481236978114,0.2876481236978114,0.2876481236978114,True,True,34,70,2,2
1.0,selective,selective_p1.0_r04,0.01,40.22399088541667,27.216124131944444,40.22399088541667,13.007866753472225,40.09391221788194,True,none,0.2966878611635775,,0.2966878611635775,0.2966878611635775,0.2966878611635775,True,True,34,70,2,2
1.0,selective,selective_p1.0_r05,0.01,39.96808810763889,27.218359375,39.96808810763889,12.749728732638893,39.8405908203125,True,none,0.2769134008472778,,0.2769134008472778,0.2769134008472778,0.2769134008472778,True,True,34,70,2,2
1.0,selective,selective_p1.0_r06,0.01,38.148871527777786,27.178537326388884,38.148871527777786,10.970334201388901,38.0391681857639,True,none,0.2637872661500619,,0.2637872661500619,0.2637872661500619,0.2637872661500619,True,True,34,70,2,2
1.0,selective,selective_p1.0_r07,0.01,37.36824001736111,27.25067274305556,37.36824001736111,10.11756727430555,37.267064344618056,True,none,0.2900287800244626,,0.2900287800244626,0.2900287800244626,0.2900287800244626,True,True,34,70,2,2
1.0,selective,selective_p1.0_r08,0.01,40.55667317708334,27.23326822916667,40.55667317708334,13.323404947916671,40.423439127604176,True,none,0.2951876572985622,,0.2951876572985622,0.2951876572985622,0.2951876572985622,True,True,34,70,2,2
1.0,selective,selective_p1.0_r09,0.01,37.71132812500001,27.18102213541667,37.71132812500001,10.53030598958334,37.60602506510418,True,none,0.2905617582107096,,0.2905617582107096,0.2905617582107096,0.2905617582107096,True,True,34,70,2,2
1.0,selective,selective_p1.0_r10,0.01,38.90865885416667,27.116796875,38.90865885416667,11.791861979166669,38.790740234375,True,none,0.2748345883629545,,0.2748345883629545,0.2748345883629545,0.2748345883629545,True,True,34,70,2,2
1.0,selective,selective_p1.0_r11,0.01,39.26859809027778,27.274609375000004,39.26859809027778,11.993988715277773,39.148658203125,True,none,0.2961406112002671,,0.2961406112002671,0.2961406112002671,0.2961406112002671,True,True,34,70,2,2
1.0,selective,selective_p1.0_r12,0.01,40.750553385416666,27.12556423611111,40.750553385416666,13.624989149305556,40.61430349392361,True,none,0.267058503784815,,0.267058503784815,0.267058503784815,0.267058503784815,True,True,34,70,2,2
1.0,selective,selective_p1.0_r13,0.01,38.91089409722222,27.231814236111113,38.91089409722222,11.679079861111106,38.794103298611105,True,none,0.285444422110618,,0.285444422110618,0.285444422110618,0.285444422110618,True,True,34,70,2,2
1.0,selective,selective_p1.0_r14,0.01,40.084201388888886,27.146115451388894,40.084201388888886,12.938085937499991,39.95482052951389,True,none,0.2704670324675615,,0.2704670324675615,0.2704670324675615,0.2704670324675615,True,True,34,70,2,2
1.0,selective,selective_p1.0_r15,0.01,39.797070312500004,27.176171875,39.797070312500004,12.620898437500003,39.67086132812501,True,none,0.2644877727941119,,0.2644877727941119,0.2644877727941119,0.2644877727941119,True,True,34,70,2,2
1.0,selective,selective_p1.0_r16,0.01,40.532801649305554,27.168728298611114,40.532801649305554,13.36407335069444,40.39916091579861,True,none,0.3208149810797718,,0.3208149810797718,0.3208149810797718,0.3208149810797718,True,True,34,70,2,2
1.0,selective,selective_p1.0_r17,0.01,40.72350260416667,27.12752821180556,40.72350260416667,13.595974392361107,40.587542860243055,True,none,0.306222004026527,,0.306222004026527,0.306222004026527,0.306222004026527,True,True,34,70,2,2
1.0,selective,selective_p1.0_r18,0.01,37.0044921875,27.175607638888884,37.0044921875,9.828884548611114,36.90620334201389,True,none,0.2804843653436945,,0.2804843653436945,0.2804843653436945,0.2804843653436945,True,True,34,70,2,2
1.0,selective,selective_p1.0_r19,0.01,38.04026692708333,27.159906684027778,38.04026692708333,10.880360243055552,37.931463324652775,True,none,0.2781025328704907,,0.2781025328704907,0.2781025328704907,0.2781025328704907,True,True,34,70,2,2
