source_file,seed_block,control_or_reference,value_of_information
results/phase5_causal_specificity/gate5_seed_block_metrics.csv,0,native_full_voi,12.646267361111107
results/phase5_causal_specificity/gate5_seed_block_metrics.csv,1,native_full_voi,12.176074218750014
results/phase5_causal_specificity/gate5_seed_block_metrics.csv,2,native_full_voi,11.21075303819444
results/phase5_causal_specificity/gate5_seed_block_metrics.csv,3,native_full_voi,9.093229166666667
results/phase5_causal_specificity/gate5_seed_block_metrics.csv,4,native_full_voi,13.007866753472223
results/phase5_causal_specificity/gate5_seed_block_metrics.csv,5,native_full_voi,12.749728732638893
results/phase5_causal_specificity/gate5_seed_block_metrics.csv,6,native_full_voi,10.9703342013889
results/phase5_causal_specificity/gate5_seed_block_metrics.csv,7,native_full_voi,10.11756727430555
results/phase5_causal_specificity/gate5_seed_block_metrics.csv,8,native_full_voi,13.323404947916671
results/phase5_causal_specificity/gate5_seed_block_metrics.csv,9,native_full_voi,10.53030598958334
results/phase5_causal_specificity/gate5_seed_block_metrics.csv,10,native_full_voi,11.791861979166669
results/phase5_causal_specificity/gate5_seed_block_metrics.csv,11,native_full_voi,11.993988715277773
results/phase5_causal_specificity/gate5_seed_block_metrics.csv,12,native_full_voi,13.624989149305556
results/phase5_causal_specificity/gate5_seed_block_metrics.csv,13,native_full_voi,11.679079861111106
results/phase5_causal_specificity/gate5_seed_block_metrics.csv,14,native_full_voi,12.938085937499991
results/phase5_causal_specificity/gate5_seed_block_metrics.csv,15,native_full_voi,12.620898437500005
results/phase5_causal_specificity/gate5_seed_block_metrics.csv,16,native_full_voi,13.36407335069444
results/phase5_causal_specificity/gate5_seed_block_metrics.csv,17,native_full_voi,13.595974392361107
results/phase5_causal_specificity/gate5_seed_block_metrics.csv,18,native_full_voi,9.828884548611114
results/phase5_causal_specificity/gate5_seed_block_metrics.csv,19,native_full_voi,10.880360243055552
results/phase5_causal_specificity/gate5_seed_block_metrics.csv,0,selection_neutral,7.055577256944439
results/phase5_causal_specificity/gate5_seed_block_metrics.csv,1,selection_neutral,4.906521267361125
results/phase5_causal_specificity/gate5_seed_block_metrics.csv,2,selection_neutral,5.177669270833327
results/phase5_causal_specificity/gate5_seed_block_metrics.csv,3,selection_neutral,7.040407986111113
results/phase5_causal_specificity/gate5_seed_block_metrics.csv,4,selection_neutral,6.346397569444445
results/phase5_causal_specificity/gate5_seed_block_metrics.csv,5,selection_neutral,6.225423177083336
results/phase5_causal_specificity/gate5_seed_block_metrics.csv,6,selection_neutral,6.610264756944439
results/phase5_causal_specificity/gate5_seed_block_metrics.csv,7,selection_neutral,6.85152994791666
results/phase5_causal_specificity/gate5_seed_block_metrics.csv,8,selection_neutral,4.114019097222226
results/phase5_causal_specificity/gate5_seed_block_metrics.csv,9,selection_neutral,4.898817274305557
results/phase5_causal_specificity/gate5_seed_block_metrics.csv,10,selection_neutral,3.125151909722227
results/phase5_causal_specificity/gate5_seed_block_metrics.csv,11,selection_neutral,4.977007378472223
results/phase5_causal_specificity/gate5_seed_block_metrics.csv,12,selection_neutral,8.842274305555556
results/phase5_causal_specificity/gate5_seed_block_metrics.csv,13,selection_neutral,6.25544704861111
results/phase5_causal_specificity/gate5_seed_block_metrics.csv,14,selection_neutral,5.35528428819444
results/phase5_causal_specificity/gate5_seed_block_metrics.csv,15,selection_neutral,5.490961371527781
results/phase5_causal_specificity/gate5_seed_block_metrics.csv,16,selection_neutral,5.507736545138883
results/phase5_causal_specificity/gate5_seed_block_metrics.csv,17,selection_neutral,3.3891927083333258
results/phase5_causal_specificity/gate5_seed_block_metrics.csv,18,selection_neutral,8.165766059027781
results/phase5_causal_specificity/gate5_seed_block_metrics.csv,19,selection_neutral,7.486697048611109
results/phase5_causal_specificity/gate5_seed_block_metrics.csv,0,selection_reduced,8.401942274305561
results/phase5_causal_specificity/gate5_seed_block_metrics.csv,1,selection_reduced,6.434874131944451
results/phase5_causal_specificity/gate5_seed_block_metrics.csv,2,selection_reduced,7.045399305555556
results/phase5_causal_specificity/gate5_seed_block_metrics.csv,3,selection_reduced,9.181944444444447
results/phase5_causal_specificity/gate5_seed_block_metrics.csv,4,selection_reduced,9.29308810763889
results/phase5_causal_specificity/gate5_seed_block_metrics.csv,5,selection_reduced,9.133420138888887
results/phase5_causal_specificity/gate5_seed_block_metrics.csv,6,selection_reduced,7.239778645833347
results/phase5_causal_specificity/gate5_seed_block_metrics.csv,7,selection_reduced,10.117903645833335
results/phase5_causal_specificity/gate5_seed_block_metrics.csv,8,selection_reduced,6.736924913194443
results/phase5_causal_specificity/gate5_seed_block_metrics.csv,9,selection_reduced,4.65933159722222
results/phase5_causal_specificity/gate5_seed_block_metrics.csv,10,selection_reduced,6.034570312500001
results/phase5_causal_specificity/gate5_seed_block_metrics.csv,11,selection_reduced,7.848535156250001
results/phase5_causal_specificity/gate5_seed_block_metrics.csv,12,selection_reduced,8.774663628472219
results/phase5_causal_specificity/gate5_seed_block_metrics.csv,13,selection_reduced,10.484016927083324
results/phase5_causal_specificity/gate5_seed_block_metrics.csv,14,selection_reduced,9.564572482638887
results/phase5_causal_specificity/gate5_seed_block_metrics.csv,15,selection_reduced,7.358105468749997
results/phase5_causal_specificity/gate5_seed_block_metrics.csv,16,selection_reduced,12.581249999999995
results/phase5_causal_specificity/gate5_seed_block_metrics.csv,17,selection_reduced,7.650629340277767
results/phase5_causal_specificity/gate5_seed_block_metrics.csv,18,selection_reduced,9.047037760416671
results/phase5_causal_specificity/gate5_seed_block_metrics.csv,19,selection_reduced,10.23366970486111
results/phase5_causal_specificity/gate5_seed_block_metrics.csv,0,affinity_reassigned,6.327105034722216
results/phase5_causal_specificity/gate5_seed_block_metrics.csv,1,affinity_reassigned,7.128059895833346
results/phase5_causal_specificity/gate5_seed_block_metrics.csv,2,affinity_reassigned,6.4615017361111065
results/phase5_causal_specificity/gate5_seed_block_metrics.csv,3,affinity_reassigned,3.9863172743055593
results/phase5_causal_specificity/gate5_seed_block_metrics.csv,4,affinity_reassigned,7.970898437500001
results/phase5_causal_specificity/gate5_seed_block_metrics.csv,5,affinity_reassigned,3.9551486545138914
results/phase5_causal_specificity/gate5_seed_block_metrics.csv,6,affinity_reassigned,8.097390407986111
results/phase5_causal_specificity/gate5_seed_block_metrics.csv,7,affinity_reassigned,7.319965277777772
results/phase5_causal_specificity/gate5_seed_block_metrics.csv,8,affinity_reassigned,7.220936414930556
results/phase5_causal_specificity/gate5_seed_block_metrics.csv,9,affinity_reassigned,7.690326605902783
results/phase5_causal_specificity/gate5_seed_block_metrics.csv,10,affinity_reassigned,7.9369900173611185
results/phase5_causal_specificity/gate5_seed_block_metrics.csv,11,affinity_reassigned,7.219791666666666
results/phase5_causal_specificity/gate5_seed_block_metrics.csv,12,affinity_reassigned,9.018381076388891
results/phase5_causal_specificity/gate5_seed_block_metrics.csv,13,affinity_reassigned,8.137234157986118
results/phase5_causal_specificity/gate5_seed_block_metrics.csv,14,affinity_reassigned,2.3984320746527708
results/phase5_causal_specificity/gate5_seed_block_metrics.csv,15,affinity_reassigned,8.44182942708333
results/phase5_causal_specificity/gate5_seed_block_metrics.csv,16,affinity_reassigned,5.423133680555548
results/phase5_causal_specificity/gate5_seed_block_metrics.csv,17,affinity_reassigned,7.288856336805551
results/phase5_causal_specificity/gate5_seed_block_metrics.csv,18,affinity_reassigned,2.99189995659723
results/phase5_causal_specificity/gate5_seed_block_metrics.csv,19,affinity_reassigned,8.81718207465278
results/phase5_causal_specificity/gate5_seed_block_metrics.csv,0,topology_mismatch,9.860828993055556
results/phase5_causal_specificity/gate5_seed_block_metrics.csv,1,topology_mismatch,10.239632161458337
results/phase5_causal_specificity/gate5_seed_block_metrics.csv,2,topology_mismatch,10.613216145833327
results/phase5_causal_specificity/gate5_seed_block_metrics.csv,3,topology_mismatch,9.978445095486103
results/phase5_causal_specificity/gate5_seed_block_metrics.csv,4,topology_mismatch,9.613346354166667
results/phase5_causal_specificity/gate5_seed_block_metrics.csv,5,topology_mismatch,11.581852213541676
results/phase5_causal_specificity/gate5_seed_block_metrics.csv,6,topology_mismatch,10.079383680555551
results/phase5_causal_specificity/gate5_seed_block_metrics.csv,7,topology_mismatch,7.099652777777775
results/phase5_causal_specificity/gate5_seed_block_metrics.csv,8,topology_mismatch,11.79574110243056
results/phase5_causal_specificity/gate5_seed_block_metrics.csv,9,topology_mismatch,10.087451171875
results/phase5_causal_specificity/gate5_seed_block_metrics.csv,10,topology_mismatch,9.92373046875
results/phase5_causal_specificity/gate5_seed_block_metrics.csv,11,topology_mismatch,11.332210286458336
results/phase5_causal_specificity/gate5_seed_block_metrics.csv,12,topology_mismatch,9.43687608506944
results/phase5_causal_specificity/gate5_seed_block_metrics.csv,13,topology_mismatch,8.864648437500007
results/phase5_causal_specificity/gate5_seed_block_metrics.csv,14,topology_mismatch,7.828493923611104
results/phase5_causal_specificity/gate5_seed_block_metrics.csv,15,topology_mismatch,9.461165364583335
results/phase5_causal_specificity/gate5_seed_block_metrics.csv,16,topology_mismatch,13.255110677083326
results/phase5_causal_specificity/gate5_seed_block_metrics.csv,17,topology_mismatch,10.112510850694443
results/phase5_causal_specificity/gate5_seed_block_metrics.csv,18,topology_mismatch,10.092632378472224
results/phase5_causal_specificity/gate5_seed_block_metrics.csv,19,topology_mismatch,10.426095920138884
results/phase5_causal_specificity/gate5_seed_block_metrics.csv,0,alternative_a_native,12.151529947916664
results/phase5_causal_specificity/gate5_seed_block_metrics.csv,1,alternative_a_native,10.932096354166667
results/phase5_causal_specificity/gate5_seed_block_metrics.csv,2,alternative_a_native,11.228602430555558
results/phase5_causal_specificity/gate5_seed_block_metrics.csv,3,alternative_a_native,10.631879340277784
results/phase5_causal_specificity/gate5_seed_block_metrics.csv,4,alternative_a_native,10.379416232638896
results/phase5_causal_specificity/gate5_seed_block_metrics.csv,5,alternative_a_native,10.7618923611111
results/phase5_causal_specificity/gate5_seed_block_metrics.csv,6,alternative_a_native,11.769921874999998
results/phase5_causal_specificity/gate5_seed_block_metrics.csv,7,alternative_a_native,11.118424479166665
results/phase5_causal_specificity/gate5_seed_block_metrics.csv,8,alternative_a_native,10.87537977430555
results/phase5_causal_specificity/gate5_seed_block_metrics.csv,9,alternative_a_native,11.030219184027786
results/phase5_causal_specificity/gate5_seed_block_metrics.csv,10,alternative_a_native,11.51711154513888
results/phase5_causal_specificity/gate5_seed_block_metrics.csv,11,alternative_a_native,9.90033637152778
results/phase5_causal_specificity/gate5_seed_block_metrics.csv,12,alternative_a_native,11.178602430555555
results/phase5_causal_specificity/gate5_seed_block_metrics.csv,13,alternative_a_native,12.77042100694445
results/phase5_causal_specificity/gate5_seed_block_metrics.csv,14,alternative_a_native,10.090299479166667
results/phase5_causal_specificity/gate5_seed_block_metrics.csv,15,alternative_a_native,13.493749999999991
results/phase5_causal_specificity/gate5_seed_block_metrics.csv,16,alternative_a_native,10.889485677083329
results/phase5_causal_specificity/gate5_seed_block_metrics.csv,17,alternative_a_native,12.59382595486111
results/phase5_causal_specificity/gate5_seed_block_metrics.csv,18,alternative_a_native,12.186545138888892
results/phase5_causal_specificity/gate5_seed_block_metrics.csv,19,alternative_a_native,11.883810763888896
results/phase5_causal_specificity/gate5_seed_block_metrics.csv,0,alternative_a_cross_b,9.44927300347222
results/phase5_causal_specificity/gate5_seed_block_metrics.csv,1,alternative_a_cross_b,12.721755642361105
results/phase5_causal_specificity/gate5_seed_block_metrics.csv,2,alternative_a_cross_b,10.851692708333337
results/phase5_causal_specificity/gate5_seed_block_metrics.csv,3,alternative_a_cross_b,10.713281250000009
results/phase5_causal_specificity/gate5_seed_block_metrics.csv,4,alternative_a_cross_b,9.968088107638884
results/phase5_causal_specificity/gate5_seed_block_metrics.csv,5,alternative_a_cross_b,9.393511284722225
results/phase5_causal_specificity/gate5_seed_block_metrics.csv,6,alternative_a_cross_b,8.81715494791667
results/phase5_causal_specificity/gate5_seed_block_metrics.csv,7,alternative_a_cross_b,7.921408420138899
results/phase5_causal_specificity/gate5_seed_block_metrics.csv,8,alternative_a_cross_b,6.084906684027772
results/phase5_causal_specificity/gate5_seed_block_metrics.csv,9,alternative_a_cross_b,5.451909722222222
results/phase5_causal_specificity/gate5_seed_block_metrics.csv,10,alternative_a_cross_b,9.29705946180556
results/phase5_causal_specificity/gate5_seed_block_metrics.csv,11,alternative_a_cross_b,7.310275607638889
results/phase5_causal_specificity/gate5_seed_block_metrics.csv,12,alternative_a_cross_b,9.406803385416666
results/phase5_causal_specificity/gate5_seed_block_metrics.csv,13,alternative_a_cross_b,8.839398871527784
results/phase5_causal_specificity/gate5_seed_block_metrics.csv,14,alternative_a_cross_b,10.267035590277771
results/phase5_causal_specificity/gate5_seed_block_metrics.csv,15,alternative_a_cross_b,6.846582031250001
results/phase5_causal_specificity/gate5_seed_block_metrics.csv,16,alternative_a_cross_b,9.810601128472214
results/phase5_causal_specificity/gate5_seed_block_metrics.csv,17,alternative_a_cross_b,9.69747178819444
results/phase5_causal_specificity/gate5_seed_block_metrics.csv,18,alternative_a_cross_b,8.377810329861113
results/phase5_causal_specificity/gate5_seed_block_metrics.csv,19,alternative_a_cross_b,7.188780381944447
results/phase5_causal_specificity/gate5_seed_block_metrics.csv,0,alternative_b_native,9.57236328125
results/phase5_causal_specificity/gate5_seed_block_metrics.csv,1,alternative_b_native,10.48223741319444
results/phase5_causal_specificity/gate5_seed_block_metrics.csv,2,alternative_b_native,12.897439236111117
results/phase5_causal_specificity/gate5_seed_block_metrics.csv,3,alternative_b_native,13.958105468750006
results/phase5_causal_specificity/gate5_seed_block_metrics.csv,4,alternative_b_native,13.857042100694445
results/phase5_causal_specificity/gate5_seed_block_metrics.csv,5,alternative_b_native,11.590527343750004
results/phase5_causal_specificity/gate5_seed_block_metrics.csv,6,alternative_b_native,12.26420355902777
results/phase5_causal_specificity/gate5_seed_block_metrics.csv,7,alternative_b_native,11.00119357638889
results/phase5_causal_specificity/gate5_seed_block_metrics.csv,8,alternative_b_native,12.679568142361106
results/phase5_causal_specificity/gate5_seed_block_metrics.csv,9,alternative_b_native,10.395638020833328
results/phase5_causal_specificity/gate5_seed_block_metrics.csv,10,alternative_b_native,11.04075520833333
results/phase5_causal_specificity/gate5_seed_block_metrics.csv,11,alternative_b_native,12.493988715277776
results/phase5_causal_specificity/gate5_seed_block_metrics.csv,12,alternative_b_native,9.538856336805551
results/phase5_causal_specificity/gate5_seed_block_metrics.csv,13,alternative_b_native,12.27659505208333
results/phase5_causal_specificity/gate5_seed_block_metrics.csv,14,alternative_b_native,10.654079861111114
results/phase5_causal_specificity/gate5_seed_block_metrics.csv,15,alternative_b_native,11.130230034722215
results/phase5_causal_specificity/gate5_seed_block_metrics.csv,16,alternative_b_native,13.58459201388888
results/phase5_causal_specificity/gate5_seed_block_metrics.csv,17,alternative_b_native,11.670562065972234
results/phase5_causal_specificity/gate5_seed_block_metrics.csv,18,alternative_b_native,10.185763888888886
results/phase5_causal_specificity/gate5_seed_block_metrics.csv,19,alternative_b_native,14.722981770833336
results/phase5_causal_specificity/gate5_seed_block_metrics.csv,0,alternative_b_cross_a,5.019108072916659
results/phase5_causal_specificity/gate5_seed_block_metrics.csv,1,alternative_b_cross_a,9.994574652777771
results/phase5_causal_specificity/gate5_seed_block_metrics.csv,2,alternative_b_cross_a,9.5293185763889
results/phase5_causal_specificity/gate5_seed_block_metrics.csv,3,alternative_b_cross_a,10.455219184027776
results/phase5_causal_specificity/gate5_seed_block_metrics.csv,4,alternative_b_cross_a,8.669856770833334
results/phase5_causal_specificity/gate5_seed_block_metrics.csv,5,alternative_b_cross_a,9.858799913194446
results/phase5_causal_specificity/gate5_seed_block_metrics.csv,6,alternative_b_cross_a,10.440169270833326
results/phase5_causal_specificity/gate5_seed_block_metrics.csv,7,alternative_b_cross_a,7.832812499999996
results/phase5_causal_specificity/gate5_seed_block_metrics.csv,8,alternative_b_cross_a,11.757508680555553
results/phase5_causal_specificity/gate5_seed_block_metrics.csv,9,alternative_b_cross_a,5.896777343750003
results/phase5_causal_specificity/gate5_seed_block_metrics.csv,10,alternative_b_cross_a,10.10474175347222
results/phase5_causal_specificity/gate5_seed_block_metrics.csv,11,alternative_b_cross_a,10.176106770833336
results/phase5_causal_specificity/gate5_seed_block_metrics.csv,12,alternative_b_cross_a,8.06680772569446
results/phase5_causal_specificity/gate5_seed_block_metrics.csv,13,alternative_b_cross_a,10.13156467013889
results/phase5_causal_specificity/gate5_seed_block_metrics.csv,14,alternative_b_cross_a,9.44100477430556
results/phase5_causal_specificity/gate5_seed_block_metrics.csv,15,alternative_b_cross_a,8.628287760416661
results/phase5_causal_specificity/gate5_seed_block_metrics.csv,16,alternative_b_cross_a,7.926019965277781
results/phase5_causal_specificity/gate5_seed_block_metrics.csv,17,alternative_b_cross_a,6.1575520833333215
results/phase5_causal_specificity/gate5_seed_block_metrics.csv,18,alternative_b_cross_a,7.043207465277771
results/phase5_causal_specificity/gate5_seed_block_metrics.csv,19,alternative_b_cross_a,6.791655815972227
results/phase5_causal_specificity/gate5_seed_block_metrics.csv,0,temporally_unstable,10.516666666666666
results/phase5_causal_specificity/gate5_seed_block_metrics.csv,1,temporally_unstable,10.695269097222225
results/phase5_causal_specificity/gate5_seed_block_metrics.csv,2,temporally_unstable,10.79060329861111
results/phase5_causal_specificity/gate5_seed_block_metrics.csv,3,temporally_unstable,9.633376736111115
results/phase5_causal_specificity/gate5_seed_block_metrics.csv,4,temporally_unstable,9.547384982638889
results/phase5_causal_specificity/gate5_seed_block_metrics.csv,5,temporally_unstable,10.403363715277775
results/phase5_causal_specificity/gate5_seed_block_metrics.csv,6,temporally_unstable,10.32929687499999
results/phase5_causal_specificity/gate5_seed_block_metrics.csv,7,temporally_unstable,11.715559895833335
results/phase5_causal_specificity/gate5_seed_block_metrics.csv,8,temporally_unstable,10.530935329861109
results/phase5_causal_specificity/gate5_seed_block_metrics.csv,9,temporally_unstable,9.012228732638889
results/phase5_causal_specificity/gate5_seed_block_metrics.csv,10,temporally_unstable,9.52403428819445
results/phase5_causal_specificity/gate5_seed_block_metrics.csv,11,temporally_unstable,9.672819010416656
results/phase5_causal_specificity/gate5_seed_block_metrics.csv,12,temporally_unstable,10.222504340277784
results/phase5_causal_specificity/gate5_seed_block_metrics.csv,13,temporally_unstable,9.567838541666667
results/phase5_causal_specificity/gate5_seed_block_metrics.csv,14,temporally_unstable,10.934581163194451
results/phase5_causal_specificity/gate5_seed_block_metrics.csv,15,temporally_unstable,11.143532986111111
results/phase5_causal_specificity/gate5_seed_block_metrics.csv,16,temporally_unstable,9.920855034722216
results/phase5_causal_specificity/gate5_seed_block_metrics.csv,17,temporally_unstable,10.161143663194451
results/phase5_causal_specificity/gate5_seed_block_metrics.csv,18,temporally_unstable,9.752419704861111
results/phase5_causal_specificity/gate5_seed_block_metrics.csv,19,temporally_unstable,10.920757378472224
results/phase5_causal_specificity/gate5_seed_block_metrics.csv,0,alternative_native_mean,10.861946614583331
results/phase5_causal_specificity/gate5_seed_block_metrics.csv,1,alternative_native_mean,10.707166883680554
results/phase5_causal_specificity/gate5_seed_block_metrics.csv,2,alternative_native_mean,12.063020833333336
results/phase5_causal_specificity/gate5_seed_block_metrics.csv,3,alternative_native_mean,12.294992404513897
results/phase5_causal_specificity/gate5_seed_block_metrics.csv,4,alternative_native_mean,12.11822916666667
results/phase5_causal_specificity/gate5_seed_block_metrics.csv,5,alternative_native_mean,11.176209852430553
results/phase5_causal_specificity/gate5_seed_block_metrics.csv,6,alternative_native_mean,12.017062717013884
results/phase5_causal_specificity/gate5_seed_block_metrics.csv,7,alternative_native_mean,11.059809027777776
results/phase5_causal_specificity/gate5_seed_block_metrics.csv,8,alternative_native_mean,11.777473958333328
results/phase5_causal_specificity/gate5_seed_block_metrics.csv,9,alternative_native_mean,10.712928602430557
results/phase5_causal_specificity/gate5_seed_block_metrics.csv,10,alternative_native_mean,11.278933376736106
results/phase5_causal_specificity/gate5_seed_block_metrics.csv,11,alternative_native_mean,11.197162543402778
results/phase5_causal_specificity/gate5_seed_block_metrics.csv,12,alternative_native_mean,10.358729383680554
results/phase5_causal_specificity/gate5_seed_block_metrics.csv,13,alternative_native_mean,12.52350802951389
results/phase5_causal_specificity/gate5_seed_block_metrics.csv,14,alternative_native_mean,10.37218967013889
results/phase5_causal_specificity/gate5_seed_block_metrics.csv,15,alternative_native_mean,12.311990017361104
results/phase5_causal_specificity/gate5_seed_block_metrics.csv,16,alternative_native_mean,12.237038845486104
results/phase5_causal_specificity/gate5_seed_block_metrics.csv,17,alternative_native_mean,12.132194010416672
results/phase5_causal_specificity/gate5_seed_block_metrics.csv,18,alternative_native_mean,11.186154513888887
results/phase5_causal_specificity/gate5_seed_block_metrics.csv,19,alternative_native_mean,13.303396267361116
results/phase5_causal_specificity/gate5_seed_block_metrics.csv,0,alternative_cross_mean,7.23419053819444
results/phase5_causal_specificity/gate5_seed_block_metrics.csv,1,alternative_cross_mean,11.358165147569435
results/phase5_causal_specificity/gate5_seed_block_metrics.csv,2,alternative_cross_mean,10.190505642361115
results/phase5_causal_specificity/gate5_seed_block_metrics.csv,3,alternative_cross_mean,10.584250217013892
results/phase5_causal_specificity/gate5_seed_block_metrics.csv,4,alternative_cross_mean,9.31897243923611
results/phase5_causal_specificity/gate5_seed_block_metrics.csv,5,alternative_cross_mean,9.626155598958334
results/phase5_causal_specificity/gate5_seed_block_metrics.csv,6,alternative_cross_mean,9.628662109374998
results/phase5_causal_specificity/gate5_seed_block_metrics.csv,7,alternative_cross_mean,7.877110460069447
results/phase5_causal_specificity/gate5_seed_block_metrics.csv,8,alternative_cross_mean,8.921207682291662
results/phase5_causal_specificity/gate5_seed_block_metrics.csv,9,alternative_cross_mean,5.6743435329861125
results/phase5_causal_specificity/gate5_seed_block_metrics.csv,10,alternative_cross_mean,9.70090060763889
results/phase5_causal_specificity/gate5_seed_block_metrics.csv,11,alternative_cross_mean,8.743191189236112
results/phase5_causal_specificity/gate5_seed_block_metrics.csv,12,alternative_cross_mean,8.736805555555563
results/phase5_causal_specificity/gate5_seed_block_metrics.csv,13,alternative_cross_mean,9.485481770833337
results/phase5_causal_specificity/gate5_seed_block_metrics.csv,14,alternative_cross_mean,9.854020182291666
results/phase5_causal_specificity/gate5_seed_block_metrics.csv,15,alternative_cross_mean,7.737434895833331
results/phase5_causal_specificity/gate5_seed_block_metrics.csv,16,alternative_cross_mean,8.868310546874998
results/phase5_causal_specificity/gate5_seed_block_metrics.csv,17,alternative_cross_mean,7.9275119357638815
results/phase5_causal_specificity/gate5_seed_block_metrics.csv,18,alternative_cross_mean,7.710508897569442
results/phase5_causal_specificity/gate5_seed_block_metrics.csv,19,alternative_cross_mean,6.990218098958337
