record_type,inherit_prob,metric,statistic,observed_difference,p_value_two_sided,group_a,group_b,n_group_a,n_group_b,n_permutations,exact,paired,analysis_unit,status,q_value_bh_across_fidelities,condition,estimate,confidence_level,lower,upper,n_independent_replicates,n_bootstrap,note,n_target_reached,n_right_censored,target_reached_fraction
replicate_permutation,0.1,corrected_conditional_information,mean_difference,0.2164200695173881,0.0001,selective,control,20.0,20.0,9999.0,False,False,independently evolved baseline replicate,performed,0.0001,,,,,,,,,,,
replicate_permutation,0.1,value_of_information,mean_difference,5.717515733506947,0.0001,selective,control,20.0,20.0,9999.0,False,False,independently evolved baseline replicate,performed,0.0001,,,,,,,,,,,
replicate_permutation,0.1,semantic_information,mean_difference,0.5048043369723187,0.0001,selective,control,20.0,20.0,9999.0,False,False,independently evolved baseline replicate,performed,0.0001,,,,,,,,,,,
replicate_permutation,0.2,corrected_conditional_information,mean_difference,0.2168436444299115,0.0001,selective,control,20.0,20.0,9999.0,False,False,independently evolved baseline replicate,performed,0.0001,,,,,,,,,,,
replicate_permutation,0.2,value_of_information,mean_difference,5.735029839409727,0.0001,selective,control,20.0,20.0,9999.0,False,False,independently evolved baseline replicate,performed,0.0001,,,,,,,,,,,
replicate_permutation,0.2,semantic_information,mean_difference,0.5048469029731856,0.0001,selective,control,20.0,20.0,9999.0,False,False,independently evolved baseline replicate,performed,0.0001,,,,,,,,,,,
replicate_permutation,0.3,corrected_conditional_information,mean_difference,0.2135363960416361,0.0001,selective,control,20.0,20.0,9999.0,False,False,independently evolved baseline replicate,performed,0.0001,,,,,,,,,,,
replicate_permutation,0.3,value_of_information,mean_difference,5.732299262152779,0.0001,selective,control,20.0,20.0,9999.0,False,False,independently evolved baseline replicate,performed,0.0001,,,,,,,,,,,
replicate_permutation,0.3,semantic_information,mean_difference,0.5016032876995838,0.0001,selective,control,20.0,20.0,9999.0,False,False,independently evolved baseline replicate,performed,0.0001,,,,,,,,,,,
replicate_permutation,0.4,corrected_conditional_information,mean_difference,0.2138000768523346,0.0001,selective,control,20.0,20.0,9999.0,False,False,independently evolved baseline replicate,performed,0.0001,,,,,,,,,,,
replicate_permutation,0.4,value_of_information,mean_difference,5.748680555555555,0.0001,selective,control,20.0,20.0,9999.0,False,False,independently evolved baseline replicate,performed,0.0001,,,,,,,,,,,
replicate_permutation,0.4,semantic_information,mean_difference,0.5018592650603815,0.0001,selective,control,20.0,20.0,9999.0,False,False,independently evolved baseline replicate,performed,0.0001,,,,,,,,,,,
replicate_permutation,0.5,corrected_conditional_information,mean_difference,0.2184638597439246,0.0001,selective,control,20.0,20.0,9999.0,False,False,independently evolved baseline replicate,performed,0.0001,,,,,,,,,,,
replicate_permutation,0.5,value_of_information,mean_difference,5.759677191840278,0.0001,selective,control,20.0,20.0,9999.0,False,False,independently evolved baseline replicate,performed,0.0001,,,,,,,,,,,
replicate_permutation,0.5,semantic_information,mean_difference,0.5030571353215119,0.0001,selective,control,20.0,20.0,9999.0,False,False,independently evolved baseline replicate,performed,0.0001,,,,,,,,,,,
replicate_permutation,0.6,corrected_conditional_information,mean_difference,0.2167095430501752,0.0001,selective,control,20.0,20.0,9999.0,False,False,independently evolved baseline replicate,performed,0.0001,,,,,,,,,,,
replicate_permutation,0.6,value_of_information,mean_difference,5.761606987847222,0.0001,selective,control,20.0,20.0,9999.0,False,False,independently evolved baseline replicate,performed,0.0001,,,,,,,,,,,
replicate_permutation,0.6,semantic_information,mean_difference,0.4998103370089571,0.0001,selective,control,20.0,20.0,9999.0,False,False,independently evolved baseline replicate,performed,0.0001,,,,,,,,,,,
replicate_permutation,0.7,corrected_conditional_information,mean_difference,0.2168544051983333,0.0001,selective,control,20.0,20.0,9999.0,False,False,independently evolved baseline replicate,performed,0.0001,,,,,,,,,,,
replicate_permutation,0.7,value_of_information,mean_difference,5.815589735243055,0.0001,selective,control,20.0,20.0,9999.0,False,False,independently evolved baseline replicate,performed,0.0001,,,,,,,,,,,
replicate_permutation,0.7,semantic_information,mean_difference,0.4960115700932005,0.0001,selective,control,20.0,20.0,9999.0,False,False,independently evolved baseline replicate,performed,0.0001,,,,,,,,,,,
replicate_permutation,0.8,corrected_conditional_information,mean_difference,0.2181065621129336,0.0001,selective,control,20.0,20.0,9999.0,False,False,independently evolved baseline replicate,performed,0.0001,,,,,,,,,,,
replicate_permutation,0.8,value_of_information,mean_difference,5.939152560763888,0.0001,selective,control,20.0,20.0,9999.0,False,False,independently evolved baseline replicate,performed,0.0001,,,,,,,,,,,
replicate_permutation,0.8,semantic_information,mean_difference,0.4865722913359799,0.0001,selective,control,20.0,20.0,9999.0,False,False,independently evolved baseline replicate,performed,0.0001,,,,,,,,,,,
replicate_permutation,0.9,corrected_conditional_information,mean_difference,0.2218580772228219,0.0001,selective,control,20.0,20.0,9999.0,False,False,independently evolved baseline replicate,performed,0.0001,,,,,,,,,,,
replicate_permutation,0.9,value_of_information,mean_difference,6.484306640625,0.0001,selective,control,20.0,20.0,9999.0,False,False,independently evolved baseline replicate,performed,0.0001,,,,,,,,,,,
replicate_permutation,0.9,semantic_information,mean_difference,0.4533077553677674,0.0001,selective,control,20.0,20.0,9999.0,False,False,independently evolved baseline replicate,performed,0.0001,,,,,,,,,,,
replicate_permutation,1.0,corrected_conditional_information,mean_difference,0.2534182739942556,0.0001,selective,control,20.0,20.0,9999.0,False,False,independently evolved baseline replicate,performed,0.0001,,,,,,,,,,,
replicate_permutation,1.0,value_of_information,mean_difference,11.907186414930557,0.0001,selective,control,20.0,20.0,9999.0,False,False,independently evolved baseline replicate,performed,0.0001,,,,,,,,,,,
replicate_permutation,1.0,semantic_information,mean_difference,0.2836315815180211,0.0001,selective,control,20.0,20.0,9999.0,False,False,independently evolved baseline replicate,performed,0.0001,,,,,,,,,,,
block_bootstrap_interval,0.1,reach_fraction,,,,,,,,,,,,,,control,1.0,0.95,1.0,1.0,20.0,2000.0,All independent replicates; censoring retained as target_reached=False.,,,
block_bootstrap_interval,0.1,median_semantic_information_among_reached,,,,,,,,,,,,,,control,0.0,0.95,0.0,0.0,20.0,2000.0,Conditional on target-reached replicates; censored values are not imputed.,,,
block_bootstrap_interval,0.1,median_censored_lower_bound,,,,,,,,,,,,,,control,,0.95,,,20.0,2000.0,Conditional on right-censored replicates; reports their tested lower bounds.,,,
block_bootstrap_interval,0.1,mean_value_of_information,,,,,,,,,,,,,,control,0.0,0.95,0.0,0.0,20.0,2000.0,Defined for every independent replicate.,,,
block_bootstrap_interval,0.1,reach_fraction,,,,,,,,,,,,,,selective,1.0,0.95,1.0,1.0,20.0,2000.0,All independent replicates; censoring retained as target_reached=False.,,,
block_bootstrap_interval,0.1,median_semantic_information_among_reached,,,,,,,,,,,,,,selective,0.5036152853168294,0.95,0.5015471469611852,0.5071521416439092,20.0,2000.0,Conditional on target-reached replicates; censored values are not imputed.,,,
block_bootstrap_interval,0.1,median_censored_lower_bound,,,,,,,,,,,,,,selective,,0.95,,,20.0,2000.0,Conditional on right-censored replicates; reports their tested lower bounds.,,,
block_bootstrap_interval,0.1,mean_value_of_information,,,,,,,,,,,,,,selective,5.717515733506947,0.95,5.687267849392363,5.747255995008683,20.0,2000.0,Defined for every independent replicate.,,,
block_bootstrap_interval,0.2,reach_fraction,,,,,,,,,,,,,,control,1.0,0.95,1.0,1.0,20.0,2000.0,All independent replicates; censoring retained as target_reached=False.,,,
block_bootstrap_interval,0.2,median_semantic_information_among_reached,,,,,,,,,,,,,,control,0.0,0.95,0.0,4.0042831297686464e-17,20.0,2000.0,Conditional on target-reached replicates; censored values are not imputed.,,,
block_bootstrap_interval,0.2,median_censored_lower_bound,,,,,,,,,,,,,,control,,0.95,,,20.0,2000.0,Conditional on right-censored replicates; reports their tested lower bounds.,,,
block_bootstrap_interval,0.2,mean_value_of_information,,,,,,,,,,,,,,control,0.0,0.95,0.0,0.0,20.0,2000.0,Defined for every independent replicate.,,,
block_bootstrap_interval,0.2,reach_fraction,,,,,,,,,,,,,,selective,1.0,0.95,1.0,1.0,20.0,2000.0,All independent replicates; censoring retained as target_reached=False.,,,
block_bootstrap_interval,0.2,median_semantic_information_among_reached,,,,,,,,,,,,,,selective,0.5044284556735559,0.95,0.5033286514086934,0.5063066446757444,20.0,2000.0,Conditional on target-reached replicates; censored values are not imputed.,,,
block_bootstrap_interval,0.2,median_censored_lower_bound,,,,,,,,,,,,,,selective,,0.95,,,20.0,2000.0,Conditional on right-censored replicates; reports their tested lower bounds.,,,
block_bootstrap_interval,0.2,mean_value_of_information,,,,,,,,,,,,,,selective,5.735029839409727,0.95,5.7081592068142415,5.761360568576391,20.0,2000.0,Defined for every independent replicate.,,,
block_bootstrap_interval,0.3,reach_fraction,,,,,,,,,,,,,,control,1.0,0.95,1.0,1.0,20.0,2000.0,All independent replicates; censoring retained as target_reached=False.,,,
block_bootstrap_interval,0.3,median_semantic_information_among_reached,,,,,,,,,,,,,,control,0.0,0.95,0.0,0.0,20.0,2000.0,Conditional on target-reached replicates; censored values are not imputed.,,,
block_bootstrap_interval,0.3,median_censored_lower_bound,,,,,,,,,,,,,,control,,0.95,,,20.0,2000.0,Conditional on right-censored replicates; reports their tested lower bounds.,,,
block_bootstrap_interval,0.3,mean_value_of_information,,,,,,,,,,,,,,control,0.0,0.95,0.0,0.0,20.0,2000.0,Defined for every independent replicate.,,,
block_bootstrap_interval,0.3,reach_fraction,,,,,,,,,,,,,,selective,1.0,0.95,1.0,1.0,20.0,2000.0,All independent replicates; censoring retained as target_reached=False.,,,
block_bootstrap_interval,0.3,median_semantic_information_among_reached,,,,,,,,,,,,,,selective,0.501900331887007,0.95,0.4998351512438421,0.5047935484903818,20.0,2000.0,Conditional on target-reached replicates; censored values are not imputed.,,,
block_bootstrap_interval,0.3,median_censored_lower_bound,,,,,,,,,,,,,,selective,,0.95,,,20.0,2000.0,Conditional on right-censored replicates; reports their tested lower bounds.,,,
block_bootstrap_interval,0.3,mean_value_of_information,,,,,,,,,,,,,,selective,5.732299262152779,0.95,5.707974867078994,5.756751817491322,20.0,2000.0,Defined for every independent replicate.,,,
block_bootstrap_interval,0.4,reach_fraction,,,,,,,,,,,,,,control,1.0,0.95,1.0,1.0,20.0,2000.0,All independent replicates; censoring retained as target_reached=False.,,,
block_bootstrap_interval,0.4,median_semantic_information_among_reached,,,,,,,,,,,,,,control,0.0,0.95,0.0,0.0,20.0,2000.0,Conditional on target-reached replicates; censored values are not imputed.,,,
block_bootstrap_interval,0.4,median_censored_lower_bound,,,,,,,,,,,,,,control,,0.95,,,20.0,2000.0,Conditional on right-censored replicates; reports their tested lower bounds.,,,
block_bootstrap_interval,0.4,mean_value_of_information,,,,,,,,,,,,,,control,0.0,0.95,0.0,0.0,20.0,2000.0,Defined for every independent replicate.,,,
block_bootstrap_interval,0.4,reach_fraction,,,,,,,,,,,,,,selective,1.0,0.95,1.0,1.0,20.0,2000.0,All independent replicates; censoring retained as target_reached=False.,,,
block_bootstrap_interval,0.4,median_semantic_information_among_reached,,,,,,,,,,,,,,selective,0.5016394057095234,0.95,0.5000363408910189,0.5038207989911692,20.0,2000.0,Conditional on target-reached replicates; censored values are not imputed.,,,
block_bootstrap_interval,0.4,median_censored_lower_bound,,,,,,,,,,,,,,selective,,0.95,,,20.0,2000.0,Conditional on right-censored replicates; reports their tested lower bounds.,,,
block_bootstrap_interval,0.4,mean_value_of_information,,,,,,,,,,,,,,selective,5.748680555555555,0.95,5.717093112521701,5.776279201931423,20.0,2000.0,Defined for every independent replicate.,,,
block_bootstrap_interval,0.5,reach_fraction,,,,,,,,,,,,,,control,1.0,0.95,1.0,1.0,20.0,2000.0,All independent replicates; censoring retained as target_reached=False.,,,
block_bootstrap_interval,0.5,median_semantic_information_among_reached,,,,,,,,,,,,,,control,0.0,0.95,0.0,0.0,20.0,2000.0,Conditional on target-reached replicates; censored values are not imputed.,,,
block_bootstrap_interval,0.5,median_censored_lower_bound,,,,,,,,,,,,,,control,,0.95,,,20.0,2000.0,Conditional on right-censored replicates; reports their tested lower bounds.,,,
block_bootstrap_interval,0.5,mean_value_of_information,,,,,,,,,,,,,,control,0.0,0.95,0.0,0.0,20.0,2000.0,Defined for every independent replicate.,,,
block_bootstrap_interval,0.5,reach_fraction,,,,,,,,,,,,,,selective,1.0,0.95,1.0,1.0,20.0,2000.0,All independent replicates; censoring retained as target_reached=False.,,,
block_bootstrap_interval,0.5,median_semantic_information_among_reached,,,,,,,,,,,,,,selective,0.5043521363027665,0.95,0.5031032764272133,0.5061297178451424,20.0,2000.0,Conditional on target-reached replicates; censored values are not imputed.,,,
block_bootstrap_interval,0.5,median_censored_lower_bound,,,,,,,,,,,,,,selective,,0.95,,,20.0,2000.0,Conditional on right-censored replicates; reports their tested lower bounds.,,,
block_bootstrap_interval,0.5,mean_value_of_information,,,,,,,,,,,,,,selective,5.759677191840278,0.95,5.729540011935764,5.788928276909722,20.0,2000.0,Defined for every independent replicate.,,,
block_bootstrap_interval,0.6,reach_fraction,,,,,,,,,,,,,,control,1.0,0.95,1.0,1.0,20.0,2000.0,All independent replicates; censoring retained as target_reached=False.,,,
block_bootstrap_interval,0.6,median_semantic_information_among_reached,,,,,,,,,,,,,,control,0.0,0.95,0.0,8.008566259537292e-17,20.0,2000.0,Conditional on target-reached replicates; censored values are not imputed.,,,
block_bootstrap_interval,0.6,median_censored_lower_bound,,,,,,,,,,,,,,control,,0.95,,,20.0,2000.0,Conditional on right-censored replicates; reports their tested lower bounds.,,,
block_bootstrap_interval,0.6,mean_value_of_information,,,,,,,,,,,,,,control,0.0,0.95,0.0,0.0,20.0,2000.0,Defined for every independent replicate.,,,
block_bootstrap_interval,0.6,reach_fraction,,,,,,,,,,,,,,selective,1.0,0.95,1.0,1.0,20.0,2000.0,All independent replicates; censoring retained as target_reached=False.,,,
block_bootstrap_interval,0.6,median_semantic_information_among_reached,,,,,,,,,,,,,,selective,0.4988529311709799,0.95,0.4964278193395658,0.5032736325903872,20.0,2000.0,Conditional on target-reached replicates; censored values are not imputed.,,,
block_bootstrap_interval,0.6,median_censored_lower_bound,,,,,,,,,,,,,,selective,,0.95,,,20.0,2000.0,Conditional on right-censored replicates; reports their tested lower bounds.,,,
block_bootstrap_interval,0.6,mean_value_of_information,,,,,,,,,,,,,,selective,5.761606987847222,0.95,5.727412489149307,5.797684516059029,20.0,2000.0,Defined for every independent replicate.,,,
block_bootstrap_interval,0.7,reach_fraction,,,,,,,,,,,,,,control,1.0,0.95,1.0,1.0,20.0,2000.0,All independent replicates; censoring retained as target_reached=False.,,,
block_bootstrap_interval,0.7,median_semantic_information_among_reached,,,,,,,,,,,,,,control,0.0,0.95,0.0,0.0,20.0,2000.0,Conditional on target-reached replicates; censored values are not imputed.,,,
block_bootstrap_interval,0.7,median_censored_lower_bound,,,,,,,,,,,,,,control,,0.95,,,20.0,2000.0,Conditional on right-censored replicates; reports their tested lower bounds.,,,
block_bootstrap_interval,0.7,mean_value_of_information,,,,,,,,,,,,,,control,0.0,0.95,0.0,0.0,20.0,2000.0,Defined for every independent replicate.,,,
block_bootstrap_interval,0.7,reach_fraction,,,,,,,,,,,,,,selective,1.0,0.95,1.0,1.0,20.0,2000.0,All independent replicates; censoring retained as target_reached=False.,,,
block_bootstrap_interval,0.7,median_semantic_information_among_reached,,,,,,,,,,,,,,selective,0.4966163145929766,0.95,0.4925023403094055,0.4980835046879323,20.0,2000.0,Conditional on target-reached replicates; censored values are not imputed.,,,
block_bootstrap_interval,0.7,median_censored_lower_bound,,,,,,,,,,,,,,selective,,0.95,,,20.0,2000.0,Conditional on right-censored replicates; reports their tested lower bounds.,,,
block_bootstrap_interval,0.7,mean_value_of_information,,,,,,,,,,,,,,selective,5.815589735243055,0.95,5.79417823621962,5.8375693901909695,20.0,2000.0,Defined for every independent replicate.,,,
block_bootstrap_interval,0.8,reach_fraction,,,,,,,,,,,,,,control,1.0,0.95,1.0,1.0,20.0,2000.0,All independent replicates; censoring retained as target_reached=False.,,,
block_bootstrap_interval,0.8,median_semantic_information_among_reached,,,,,,,,,,,,,,control,0.0,0.95,0.0,8.008566259537293e-17,20.0,2000.0,Conditional on target-reached replicates; censored values are not imputed.,,,
block_bootstrap_interval,0.8,median_censored_lower_bound,,,,,,,,,,,,,,control,,0.95,,,20.0,2000.0,Conditional on right-censored replicates; reports their tested lower bounds.,,,
block_bootstrap_interval,0.8,mean_value_of_information,,,,,,,,,,,,,,control,0.0,0.95,0.0,0.0,20.0,2000.0,Defined for every independent replicate.,,,
block_bootstrap_interval,0.8,reach_fraction,,,,,,,,,,,,,,selective,1.0,0.95,1.0,1.0,20.0,2000.0,All independent replicates; censoring retained as target_reached=False.,,,
block_bootstrap_interval,0.8,median_semantic_information_among_reached,,,,,,,,,,,,,,selective,0.4861978510608851,0.95,0.4826336036554482,0.4898770127426511,20.0,2000.0,Conditional on target-reached replicates; censored values are not imputed.,,,
block_bootstrap_interval,0.8,median_censored_lower_bound,,,,,,,,,,,,,,selective,,0.95,,,20.0,2000.0,Conditional on right-censored replicates; reports their tested lower bounds.,,,
block_bootstrap_interval,0.8,mean_value_of_information,,,,,,,,,,,,,,selective,5.939152560763888,0.95,5.902943088107636,5.97617241753472,20.0,2000.0,Defined for every independent replicate.,,,
block_bootstrap_interval,0.9,reach_fraction,,,,,,,,,,,,,,control,1.0,0.95,1.0,1.0,20.0,2000.0,All independent replicates; censoring retained as target_reached=False.,,,
block_bootstrap_interval,0.9,median_semantic_information_among_reached,,,,,,,,,,,,,,control,0.0,0.95,0.0,8.008566259537292e-17,20.0,2000.0,Conditional on target-reached replicates; censored values are not imputed.,,,
block_bootstrap_interval,0.9,median_censored_lower_bound,,,,,,,,,,,,,,control,,0.95,,,20.0,2000.0,Conditional on right-censored replicates; reports their tested lower bounds.,,,
block_bootstrap_interval,0.9,mean_value_of_information,,,,,,,,,,,,,,control,0.0,0.95,0.0,0.0,20.0,2000.0,Defined for every independent replicate.,,,
block_bootstrap_interval,0.9,reach_fraction,,,,,,,,,,,,,,selective,1.0,0.95,1.0,1.0,20.0,2000.0,All independent replicates; censoring retained as target_reached=False.,,,
block_bootstrap_interval,0.9,median_semantic_information_among_reached,,,,,,,,,,,,,,selective,0.452891055382515,0.95,0.450266708037631,0.4571951040872097,20.0,2000.0,Conditional on target-reached replicates; censored values are not imputed.,,,
block_bootstrap_interval,0.9,median_censored_lower_bound,,,,,,,,,,,,,,selective,,0.95,,,20.0,2000.0,Conditional on right-censored replicates; reports their tested lower bounds.,,,
block_bootstrap_interval,0.9,mean_value_of_information,,,,,,,,,,,,,,selective,6.484306640625,0.95,6.403073323567707,6.567858194986977,20.0,2000.0,Defined for every independent replicate.,,,
block_bootstrap_interval,1.0,reach_fraction,,,,,,,,,,,,,,control,1.0,0.95,1.0,1.0,20.0,2000.0,All independent replicates; censoring retained as target_reached=False.,,,
block_bootstrap_interval,1.0,median_semantic_information_among_reached,,,,,,,,,,,,,,control,0.0,0.95,0.0,4.0042831297686464e-17,20.0,2000.0,Conditional on target-reached replicates; censored values are not imputed.,,,
block_bootstrap_interval,1.0,median_censored_lower_bound,,,,,,,,,,,,,,control,,0.95,,,20.0,2000.0,Conditional on right-censored replicates; reports their tested lower bounds.,,,
block_bootstrap_interval,1.0,mean_value_of_information,,,,,,,,,,,,,,control,0.0,0.95,0.0,0.0,20.0,2000.0,Defined for every independent replicate.,,,
block_bootstrap_interval,1.0,reach_fraction,,,,,,,,,,,,,,selective,1.0,0.95,1.0,1.0,20.0,2000.0,All independent replicates; censoring retained as target_reached=False.,,,
block_bootstrap_interval,1.0,median_semantic_information_among_reached,,,,,,,,,,,,,,selective,0.2829643937271562,0.95,0.2758739946051161,0.2928747077546359,20.0,2000.0,Conditional on target-reached replicates; censored values are not imputed.,,,
block_bootstrap_interval,1.0,median_censored_lower_bound,,,,,,,,,,,,,,selective,,0.95,,,20.0,2000.0,Conditional on right-censored replicates; reports their tested lower bounds.,,,
block_bootstrap_interval,1.0,mean_value_of_information,,,,,,,,,,,,,,selective,11.907186414930557,0.95,11.331888712565105,12.436805162217878,20.0,2000.0,Defined for every independent replicate.,,,
target_reach_count,0.1,,,,,,,,,,,,,,,control,,,,,20.0,,,20.0,0.0,1.0
target_reach_count,0.1,,,,,,,,,,,,,,,selective,,,,,20.0,,,20.0,0.0,1.0
target_reach_count,0.2,,,,,,,,,,,,,,,control,,,,,20.0,,,20.0,0.0,1.0
target_reach_count,0.2,,,,,,,,,,,,,,,selective,,,,,20.0,,,20.0,0.0,1.0
target_reach_count,0.3,,,,,,,,,,,,,,,control,,,,,20.0,,,20.0,0.0,1.0
target_reach_count,0.3,,,,,,,,,,,,,,,selective,,,,,20.0,,,20.0,0.0,1.0
target_reach_count,0.4,,,,,,,,,,,,,,,control,,,,,20.0,,,20.0,0.0,1.0
target_reach_count,0.4,,,,,,,,,,,,,,,selective,,,,,20.0,,,20.0,0.0,1.0
target_reach_count,0.5,,,,,,,,,,,,,,,control,,,,,20.0,,,20.0,0.0,1.0
target_reach_count,0.5,,,,,,,,,,,,,,,selective,,,,,20.0,,,20.0,0.0,1.0
target_reach_count,0.6,,,,,,,,,,,,,,,control,,,,,20.0,,,20.0,0.0,1.0
target_reach_count,0.6,,,,,,,,,,,,,,,selective,,,,,20.0,,,20.0,0.0,1.0
target_reach_count,0.7,,,,,,,,,,,,,,,control,,,,,20.0,,,20.0,0.0,1.0
target_reach_count,0.7,,,,,,,,,,,,,,,selective,,,,,20.0,,,20.0,0.0,1.0
target_reach_count,0.8,,,,,,,,,,,,,,,control,,,,,20.0,,,20.0,0.0,1.0
target_reach_count,0.8,,,,,,,,,,,,,,,selective,,,,,20.0,,,20.0,0.0,1.0
target_reach_count,0.9,,,,,,,,,,,,,,,control,,,,,20.0,,,20.0,0.0,1.0
target_reach_count,0.9,,,,,,,,,,,,,,,selective,,,,,20.0,,,20.0,0.0,1.0
target_reach_count,1.0,,,,,,,,,,,,,,,control,,,,,20.0,,,20.0,0.0,1.0
target_reach_count,1.0,,,,,,,,,,,,,,,selective,,,,,20.0,,,20.0,0.0,1.0
