condition,viability_def,inherit_prob,analysis_set,tolerance,smoothing_window,semantic_info,target_reached
control,negative_fitness_distribution_entropy,0.1,kmeans_profile_only_mechanistic,0.01,1,,False
control,negative_fitness_distribution_entropy,0.1,kmeans_profile_only_mechanistic,0.025,1,,False
control,negative_fitness_distribution_entropy,0.1,kmeans_profile_only_mechanistic,0.05,1,,False
control,negative_fitness_distribution_entropy,0.1,kmeans_profile_only_mechanistic,0.01,2,,False
control,negative_fitness_distribution_entropy,0.1,kmeans_profile_only_mechanistic,0.025,2,,False
control,negative_fitness_distribution_entropy,0.1,kmeans_profile_only_mechanistic,0.05,2,,False
control,negative_fitness_distribution_entropy,0.1,kmeans_profile_only_mechanistic,0.01,3,,False
control,negative_fitness_distribution_entropy,0.1,kmeans_profile_only_mechanistic,0.025,3,,False
control,negative_fitness_distribution_entropy,0.1,kmeans_profile_only_mechanistic,0.05,3,,False
control,negative_fitness_distribution_entropy,0.1,kmeans_profile_only_mechanistic,0.01,5,,False
control,negative_fitness_distribution_entropy,0.1,kmeans_profile_only_mechanistic,0.025,5,,False
control,negative_fitness_distribution_entropy,0.1,kmeans_profile_only_mechanistic,0.05,5,,False
control,negative_fitness_distribution_entropy,0.2,kmeans_profile_only_mechanistic,0.01,1,,False
control,negative_fitness_distribution_entropy,0.2,kmeans_profile_only_mechanistic,0.025,1,,False
control,negative_fitness_distribution_entropy,0.2,kmeans_profile_only_mechanistic,0.05,1,,False
control,negative_fitness_distribution_entropy,0.2,kmeans_profile_only_mechanistic,0.01,2,,False
control,negative_fitness_distribution_entropy,0.2,kmeans_profile_only_mechanistic,0.025,2,,False
control,negative_fitness_distribution_entropy,0.2,kmeans_profile_only_mechanistic,0.05,2,,False
control,negative_fitness_distribution_entropy,0.2,kmeans_profile_only_mechanistic,0.01,3,,False
control,negative_fitness_distribution_entropy,0.2,kmeans_profile_only_mechanistic,0.025,3,,False
control,negative_fitness_distribution_entropy,0.2,kmeans_profile_only_mechanistic,0.05,3,,False
control,negative_fitness_distribution_entropy,0.2,kmeans_profile_only_mechanistic,0.01,5,,False
control,negative_fitness_distribution_entropy,0.2,kmeans_profile_only_mechanistic,0.025,5,,False
control,negative_fitness_distribution_entropy,0.2,kmeans_profile_only_mechanistic,0.05,5,,False
control,negative_fitness_distribution_entropy,0.3,kmeans_profile_only_mechanistic,0.01,1,,False
control,negative_fitness_distribution_entropy,0.3,kmeans_profile_only_mechanistic,0.025,1,,False
control,negative_fitness_distribution_entropy,0.3,kmeans_profile_only_mechanistic,0.05,1,,False
control,negative_fitness_distribution_entropy,0.3,kmeans_profile_only_mechanistic,0.01,2,,False
control,negative_fitness_distribution_entropy,0.3,kmeans_profile_only_mechanistic,0.025,2,,False
control,negative_fitness_distribution_entropy,0.3,kmeans_profile_only_mechanistic,0.05,2,,False
control,negative_fitness_distribution_entropy,0.3,kmeans_profile_only_mechanistic,0.01,3,,False
control,negative_fitness_distribution_entropy,0.3,kmeans_profile_only_mechanistic,0.025,3,,False
control,negative_fitness_distribution_entropy,0.3,kmeans_profile_only_mechanistic,0.05,3,,False
control,negative_fitness_distribution_entropy,0.3,kmeans_profile_only_mechanistic,0.01,5,,False
control,negative_fitness_distribution_entropy,0.3,kmeans_profile_only_mechanistic,0.025,5,,False
control,negative_fitness_distribution_entropy,0.3,kmeans_profile_only_mechanistic,0.05,5,,False
control,negative_fitness_distribution_entropy,0.4,kmeans_profile_only_mechanistic,0.01,1,,False
control,negative_fitness_distribution_entropy,0.4,kmeans_profile_only_mechanistic,0.025,1,,False
control,negative_fitness_distribution_entropy,0.4,kmeans_profile_only_mechanistic,0.05,1,,False
control,negative_fitness_distribution_entropy,0.4,kmeans_profile_only_mechanistic,0.01,2,,False
control,negative_fitness_distribution_entropy,0.4,kmeans_profile_only_mechanistic,0.025,2,,False
control,negative_fitness_distribution_entropy,0.4,kmeans_profile_only_mechanistic,0.05,2,,False
control,negative_fitness_distribution_entropy,0.4,kmeans_profile_only_mechanistic,0.01,3,,False
control,negative_fitness_distribution_entropy,0.4,kmeans_profile_only_mechanistic,0.025,3,,False
control,negative_fitness_distribution_entropy,0.4,kmeans_profile_only_mechanistic,0.05,3,,False
control,negative_fitness_distribution_entropy,0.4,kmeans_profile_only_mechanistic,0.01,5,,False
control,negative_fitness_distribution_entropy,0.4,kmeans_profile_only_mechanistic,0.025,5,,False
control,negative_fitness_distribution_entropy,0.4,kmeans_profile_only_mechanistic,0.05,5,,False
control,negative_fitness_distribution_entropy,0.5,kmeans_profile_only_mechanistic,0.01,1,,False
control,negative_fitness_distribution_entropy,0.5,kmeans_profile_only_mechanistic,0.025,1,,False
control,negative_fitness_distribution_entropy,0.5,kmeans_profile_only_mechanistic,0.05,1,,False
control,negative_fitness_distribution_entropy,0.5,kmeans_profile_only_mechanistic,0.01,2,,False
control,negative_fitness_distribution_entropy,0.5,kmeans_profile_only_mechanistic,0.025,2,,False
control,negative_fitness_distribution_entropy,0.5,kmeans_profile_only_mechanistic,0.05,2,,False
control,negative_fitness_distribution_entropy,0.5,kmeans_profile_only_mechanistic,0.01,3,,False
control,negative_fitness_distribution_entropy,0.5,kmeans_profile_only_mechanistic,0.025,3,,False
control,negative_fitness_distribution_entropy,0.5,kmeans_profile_only_mechanistic,0.05,3,,False
control,negative_fitness_distribution_entropy,0.5,kmeans_profile_only_mechanistic,0.01,5,,False
control,negative_fitness_distribution_entropy,0.5,kmeans_profile_only_mechanistic,0.025,5,,False
control,negative_fitness_distribution_entropy,0.5,kmeans_profile_only_mechanistic,0.05,5,,False
control,negative_fitness_distribution_entropy,0.6,kmeans_profile_only_mechanistic,0.01,1,,False
control,negative_fitness_distribution_entropy,0.6,kmeans_profile_only_mechanistic,0.025,1,,False
control,negative_fitness_distribution_entropy,0.6,kmeans_profile_only_mechanistic,0.05,1,,False
control,negative_fitness_distribution_entropy,0.6,kmeans_profile_only_mechanistic,0.01,2,,False
control,negative_fitness_distribution_entropy,0.6,kmeans_profile_only_mechanistic,0.025,2,,False
control,negative_fitness_distribution_entropy,0.6,kmeans_profile_only_mechanistic,0.05,2,,False
control,negative_fitness_distribution_entropy,0.6,kmeans_profile_only_mechanistic,0.01,3,,False
control,negative_fitness_distribution_entropy,0.6,kmeans_profile_only_mechanistic,0.025,3,,False
control,negative_fitness_distribution_entropy,0.6,kmeans_profile_only_mechanistic,0.05,3,,False
control,negative_fitness_distribution_entropy,0.6,kmeans_profile_only_mechanistic,0.01,5,,False
control,negative_fitness_distribution_entropy,0.6,kmeans_profile_only_mechanistic,0.025,5,,False
control,negative_fitness_distribution_entropy,0.6,kmeans_profile_only_mechanistic,0.05,5,,False
control,negative_fitness_distribution_entropy,0.7,kmeans_profile_only_mechanistic,0.01,1,,False
control,negative_fitness_distribution_entropy,0.7,kmeans_profile_only_mechanistic,0.025,1,,False
control,negative_fitness_distribution_entropy,0.7,kmeans_profile_only_mechanistic,0.05,1,,False
control,negative_fitness_distribution_entropy,0.7,kmeans_profile_only_mechanistic,0.01,2,,False
control,negative_fitness_distribution_entropy,0.7,kmeans_profile_only_mechanistic,0.025,2,,False
control,negative_fitness_distribution_entropy,0.7,kmeans_profile_only_mechanistic,0.05,2,,False
control,negative_fitness_distribution_entropy,0.7,kmeans_profile_only_mechanistic,0.01,3,,False
control,negative_fitness_distribution_entropy,0.7,kmeans_profile_only_mechanistic,0.025,3,,False
control,negative_fitness_distribution_entropy,0.7,kmeans_profile_only_mechanistic,0.05,3,,False
control,negative_fitness_distribution_entropy,0.7,kmeans_profile_only_mechanistic,0.01,5,,False
control,negative_fitness_distribution_entropy,0.7,kmeans_profile_only_mechanistic,0.025,5,,False
control,negative_fitness_distribution_entropy,0.7,kmeans_profile_only_mechanistic,0.05,5,,False
control,negative_fitness_distribution_entropy,0.8,kmeans_profile_only_mechanistic,0.01,1,,False
control,negative_fitness_distribution_entropy,0.8,kmeans_profile_only_mechanistic,0.025,1,,False
control,negative_fitness_distribution_entropy,0.8,kmeans_profile_only_mechanistic,0.05,1,,False
control,negative_fitness_distribution_entropy,0.8,kmeans_profile_only_mechanistic,0.01,2,,False
control,negative_fitness_distribution_entropy,0.8,kmeans_profile_only_mechanistic,0.025,2,,False
control,negative_fitness_distribution_entropy,0.8,kmeans_profile_only_mechanistic,0.05,2,,False
control,negative_fitness_distribution_entropy,0.8,kmeans_profile_only_mechanistic,0.01,3,,False
control,negative_fitness_distribution_entropy,0.8,kmeans_profile_only_mechanistic,0.025,3,,False
control,negative_fitness_distribution_entropy,0.8,kmeans_profile_only_mechanistic,0.05,3,,False
control,negative_fitness_distribution_entropy,0.8,kmeans_profile_only_mechanistic,0.01,5,,False
control,negative_fitness_distribution_entropy,0.8,kmeans_profile_only_mechanistic,0.025,5,,False
control,negative_fitness_distribution_entropy,0.8,kmeans_profile_only_mechanistic,0.05,5,,False
control,negative_fitness_distribution_entropy,0.9,kmeans_profile_only_mechanistic,0.01,1,,False
control,negative_fitness_distribution_entropy,0.9,kmeans_profile_only_mechanistic,0.025,1,,False
control,negative_fitness_distribution_entropy,0.9,kmeans_profile_only_mechanistic,0.05,1,,False
control,negative_fitness_distribution_entropy,0.9,kmeans_profile_only_mechanistic,0.01,2,,False
control,negative_fitness_distribution_entropy,0.9,kmeans_profile_only_mechanistic,0.025,2,,False
control,negative_fitness_distribution_entropy,0.9,kmeans_profile_only_mechanistic,0.05,2,,False
control,negative_fitness_distribution_entropy,0.9,kmeans_profile_only_mechanistic,0.01,3,,False
control,negative_fitness_distribution_entropy,0.9,kmeans_profile_only_mechanistic,0.025,3,,False
control,negative_fitness_distribution_entropy,0.9,kmeans_profile_only_mechanistic,0.05,3,,False
control,negative_fitness_distribution_entropy,0.9,kmeans_profile_only_mechanistic,0.01,5,,False
control,negative_fitness_distribution_entropy,0.9,kmeans_profile_only_mechanistic,0.025,5,,False
control,negative_fitness_distribution_entropy,0.9,kmeans_profile_only_mechanistic,0.05,5,,False
control,negative_fitness_distribution_entropy,1.0,kmeans_profile_only_mechanistic,0.01,1,,False
control,negative_fitness_distribution_entropy,1.0,kmeans_profile_only_mechanistic,0.025,1,,False
control,negative_fitness_distribution_entropy,1.0,kmeans_profile_only_mechanistic,0.05,1,,False
control,negative_fitness_distribution_entropy,1.0,kmeans_profile_only_mechanistic,0.01,2,,False
control,negative_fitness_distribution_entropy,1.0,kmeans_profile_only_mechanistic,0.025,2,,False
control,negative_fitness_distribution_entropy,1.0,kmeans_profile_only_mechanistic,0.05,2,,False
control,negative_fitness_distribution_entropy,1.0,kmeans_profile_only_mechanistic,0.01,3,,False
control,negative_fitness_distribution_entropy,1.0,kmeans_profile_only_mechanistic,0.025,3,,False
control,negative_fitness_distribution_entropy,1.0,kmeans_profile_only_mechanistic,0.05,3,,False
control,negative_fitness_distribution_entropy,1.0,kmeans_profile_only_mechanistic,0.01,5,,False
control,negative_fitness_distribution_entropy,1.0,kmeans_profile_only_mechanistic,0.025,5,,False
control,negative_fitness_distribution_entropy,1.0,kmeans_profile_only_mechanistic,0.05,5,,False
